ID	ALIGNMENT	COGID	TOKENS	CONCEPT	CONCEPTINSOURCE	SHELL	DOCULECT	FORM	VALUE	NOTE
1	h e gʷ i ( - - )	45	h e gʷ i	Tree	Tree	47	Proto-Pano-Takana	hegʷi	hegʷi	None
2	h i w i ( - - )	45	h i w i	Tree	Tree	47	Proto-Pano	hiwi	hiwi	None
3	- i - - ( - - )	45	i	Tree	Tree	47	Kakataibo	i	i	None
4	h i w i ( - - )	45	h i w i	Tree	Tree	47	ShipiboKonibo	hiwi	hiwi	None
5	h i w i ( - - )	45	h i w i	Tree	Tree	47	Kapanawa	hiwi	hiwi	None
6	- i w i ( - - )	45	i w i	Tree	Tree	47	Marubo	iwi	iwi	None
7	h i w i ( - - )	45	h i w i	Tree	Tree	47	Chacobo	hiwi	hiwi	None
8	h i w i ( - - )	45	h i w i	Tree	Tree	47	Kaxarari	hiwi	hiwi	None
9	- i ɸ i ( - - )	45	i ɸ i	Tree	Tree	47	Yaminawa	iɸi	iɸi	None
10	- i ɸ i ( - - )	45	i ɸ i	Tree	Tree	47	Sharanawa	iɸi	iɸi	None
11	( - - ) ʂ ɨ ( - - - )	44	ʂ ɨ	Tooth	Tooth	96	Proto-Pano-Takana	ʂɨ-	ʂɨ-	None
12	( - - ) ʂ ɨ ( - - - )	44	ʂ ɨ	Tooth	Tooth	96	Proto-Pano	ʂɨ-	ʂɨ-	None
13	( - - ) ʂ ɨ ( - t a )	44	ʂ ɨ t a	Tooth	Tooth	96	Kakataibo	ʂɨta	ʂɨta	None
14	( - - ) ʂ ɨ ( - t a )	44	ʂ ɨ t a	Tooth	Tooth	96	ShipiboKonibo	ʂɨta	ʂɨta	None
15	( - - ) ʂ ɨ ( - t a )	44	ʂ ɨ t a	Tooth	Tooth	96	Kapanawa	ʂɨta	ʂɨta	None
16	( - - ) ʃ ɨ ( - t a )	44	ʃ ɨ t a	Tooth	Tooth	96	Marubo	ʃɨta	ʃɨta	None
17	( - - ) ʂ ɨ ( - t a )	44	ʂ ɨ t a	Tooth	Tooth	96	Chacobo	ʂɨta	ʂɨta	None
18	( - - ) ʂ ɨ ( - t a )	44	ʂ ɨ t a	Tooth	Tooth	96	Kaxarari	ʂɨta	ʂɨta	None
19	( - - ) ʂ ɨ ( - t a )	44	ʂ ɨ t a	Tooth	Tooth	96	Sharanawa	ʂɨta	ʂɨta	None
20	( - - - ) b ɨ t a ( - - - - )	46	b ɨ t a	Two	Two	24	Proto-Pano-Takana	bɨta	bɨta	None
21	( r a + ) β ɨ t a ( - - - - )	46	r a + β ɨ t a	Two	Two	24	Proto-Pano	ra-βɨta	ra-βɨta	None
22	( r a - ) β ɨ - - ( - - - - )	46	r a β ɨ	Two	Two	24	Kakataibo	raβɨ	raβɨ	None
23	( r a - ) β ɨ - - ( - - - - )	46	r a β ɨ	Two	Two	24	ShipiboKonibo	raβɨ	raβɨ	None
24	( r a - ) β ɨ - - ( - - - - )	46	r a β ɨ	Two	Two	24	Kapanawa	raβɨ	raβɨ	None
25	( r a - ) β ɨ - - ( β a k ĩ )	46	r a β ɨ β a k ĩ	Two	Two	24	Marubo	ravɨvakĩ	ravɨvakĩ	None
26	( r a - ) β ɨ - - ( - - - - )	46	r a β ɨ	Two	Two	24	Chacobo	raβɨ	raβɨ	None
27	( tʃ a - ) b ɨ t a ( - - - - )	46	tʃ a b ɨ t a	Two	Two	24	Kaxarari	tʃabɨta	tʃabɨta	None
28	( r a - ) ɸ ɨ - - ( - - - - )	46	r a ɸ ɨ	Two	Two	24	Yaminawa	raɸɨ	raɸɨ	None
29	( r a - ) ɸ ɨ - - ( - - - - )	46	r a ɸ ɨ	Two	Two	24	Chaninawa	raɸɨ	raɸɨ	None
30	( r a - ) ɸ ɨ - - ( - - - - )	46	r a ɸ ɨ	Two	Two	24	Sharanawa	raɸɨ	raɸɨ	None
31	( - - ) t a kʷ a	33	t a kʷ a	Liver	Liver	104	Proto-Pano-Takana	takʷa	takʷa	None
32	( - - ) t a kʷ a	33	t a kʷ a	Liver	Liver	104	Proto-Pano	takʷa	takʷa	None
33	( - - ) t a kʷ a	33	t a kʷ a	Liver	Liver	104	Kakataibo	takʷa	takʷa	None
34	( - - ) t a k a	33	t a k a	Liver	Liver	104	ShipiboKonibo	taka	taka	None
35	( - - ) t a k a	33	t a k a	Liver	Liver	104	Kapanawa	taka	taka	None
36	( - - ) t a k a	33	t a k a	Liver	Liver	104	Marubo	taka	taka	None
37	( - - ) t a k a	33	t a k a	Liver	Liver	104	Chacobo	taka	taka	None
38	( - - ) t a k a	33	t a k a	Liver	Liver	104	Kaxarari	taka	taka	None
39	( - - ) t a k a	33	t a k a	Liver	Liver	104	Chaninawa	taka	taka	None
40	( - - ) t a k a	33	t a k a	Liver	Liver	104	Sharanawa	taka	taka	None
41	( - - ) p ɨ ʔ i	31	p ɨ ʔ i	Leaf,To fan	Leaf	None	Proto-Pano-Takana	pɨʔi	pɨʔi	None
42	( - - ) p ɨ ʔ i	31	p ɨ ʔ i	Leaf,To fan	Leaf	None	Proto-Pano	pɨʔi	pɨʔi	None
43	( - - ) p ɨ - i	31	p ɨ i	Leaf,To fan	Leaf	None	Kakataibo	pɨi	pɨi	None
44	( - - ) p ɨ - i	31	p ɨ i	Leaf,To fan	Leaf	None	ShipiboKonibo	pɨi	pɨi	None
45	( - - ) p ɨ ʔ i	31	p ɨ ʔ i	Leaf,To fan	Leaf	None	Kapanawa	pɨʔi	pɨʔi	None
46	( - - ) p ɨ - i	31	p ɨ i	Leaf,To fan	Leaf	None	Marubo	pɨi	pɨi	None
47	( - - ) p ɨ ʔ i	31	p ɨ ʔ i	Leaf,To fan	Leaf	None	Chacobo	pɨʔi	pɨʔi	None
48	( - - ) p ɨ ʔ i	31	p ɨ ʔ i	Leaf,To fan	Leaf	None	Kaxarari	pɨʔi	pɨʔi	None
49	( - - ) p ɨ - i	31	p ɨ i	Leaf,To fan	Leaf	None	Yaminawa	pɨi	pɨi	None
50	( - - ) p ɨ - i	31	p ɨ i	Leaf,To fan	Leaf	None	Chaninawa	pɨi	pɨi	None
51	( - - ) p ɨ - i	31	p ɨ i	Leaf,To fan	Leaf	None	Sharanawa	pɨi	pɨi	None
52	( - - - ) ʂ a ( - ) u	5	ʂ a u	Bone	Bone	93	Proto-Pano-Takana	ʂau	ʂau	None
53	( - - - ) ʂ a ( - ) o	5	ʂ a o	Bone	Bone	93	Proto-Pano	ʂao	ʂao	None
54	( - - - ) ʂ !ɔː/ɔ ( - ) -	5	ʂ !ɔː/ɔ	Bone	Bone	93	Kakataibo	ʂɔː	ʂɔː	None
55	( - - - ) ʂ a ( - ) o	5	ʂ a o	Bone	Bone	93	ShipiboKonibo	ʂao	ʂao	None
56	( - - - ) ʂ a ( - ) o	5	ʂ a o	Bone	Bone	93	Kapanawa	ʂao	ʂao	None
57	( - - - ) ʃ a ( - ) u	5	ʃ a u	Bone	Bone	93	Marubo	ʃau	ʃau	None
58	( - - - ) ʂ a ( - ) o	5	ʂ a o	Bone	Bone	93	Chacobo	ʂao	ʂao	None
59	( - - - ) ʂ a ( hʷ ) u	5	ʂ a hʷ u	Bone	Bone	93	Kaxarari	ʂahʷu	ʂahʷu	None
60	( - - - ) ʂ a ( - ) o	5	ʂ a o	Bone	Bone	93	Yaminawa	ʂao	ʂao	None
61	( - - - ) ʃ a ( - ) o	5	ʃ a o	Bone	Bone	93	Chaninawa	ʃao	ʃao,ʂao	None
62	( - - - ) ʂ a ( - ) o	5	ʂ a o	Bone	Bone	93	Sharanawa	ʂao	ʂao	None
63	( - - - ) h a n ( - ) a	43	h a n a	Tongue	Tongue	46	Proto-Pano-Takana	hana	hana	None
64	( - - - ) h a n ( - ) a	43	h a n a	Tongue	Tongue	46	Proto-Pano	hana	hana	None
65	( - - - ) - a n ( - ) a	43	a n a	Tongue	Tongue	46	Kakataibo	ana	ana	None
66	( - - - ) h a n ( - ) a	43	h a n a	Tongue	Tongue	46	ShipiboKonibo	hana	hana	None
67	( - - - ) h a n ( - ) a	43	h a n a	Tongue	Tongue	46	Kapanawa	hana	hana	None
68	( - - - ) - a n ( - ) a	43	a n a	Tongue	Tongue	46	Marubo	ana	ana	None
69	( - - - ) h a n ( - ) a	43	h a n a	Tongue	Tongue	46	Chacobo	hana	hana	None
70	( - - - ) h a n ( - ) a	43	h a n a	Tongue	Tongue	46	Kaxarari	hana	hana	None
71	( - - - ) - a n ( - ) a	43	a n a	Tongue	Tongue	46	Yaminawa	ana	ana	None
72	( - - - ) - a d ( - ) a	43	a d a	Tongue	Tongue	46	Chaninawa	ada	ada	None
73	( - - - ) - a n ( - ) a	43	a n a	Tongue	Tongue	46	Sharanawa	ana	ana	None
74	( - - ) m ɨ ( - - - - - - )	27	m ɨ	Hand	Hand	70	Proto-Pano-Takana	mɨ-	mɨ-	None
75	( - - ) m ɨ ( - - - - - - )	27	m ɨ	Hand	Hand	70	Proto-Pano	mɨ-	mɨ-	None
76	( - - ) m ɨ ( k ɨ ∼ - - - )	27	m ɨ k ɨ ∼	Hand	Hand	70	Kakataibo	mɨkɨ̃	mɨkɨ̃	None
77	( - - ) m ɨ ( k ɨ ∼ - - - )	27	m ɨ k ɨ ∼	Hand	Hand	70	ShipiboKonibo	mɨkɨ̃	mɨkɨ̃	None
78	( - - ) m ɨ ( k ɨ n - - - )	27	m ɨ k ɨ n	Hand	Hand	70	Kapanawa	mɨkɨn	mɨkɨn	None
79	( - - ) m ɨ ( k ɨ n - ɨ - )	27	m ɨ k ɨ n ɨ	Hand	Hand	70	Chacobo	mɨkɨnɨ	mɨkɨnɨ	None
80	( - - ) m ɨ ( k ɨ l - ɨ - )	27	m ɨ k ɨ l ɨ	Hand	Hand	70	Kaxarari	mɨkɨlɨ	mɨkɨlɨ	None
81	( - - ) m ɨ ( k ɨ ∼ - - - )	27	m ɨ k ɨ ∼	Hand	Hand	70	Yaminawa	mɨkɨ̃	mɨkɨ̃	None
82	( - - ) m ɨ ( k ɨ - - - - )	27	m ɨ k ɨ	Hand	Hand	70	Chaninawa	mɨkɨ	mɨkɨ	None
83	( - - ) m ɨ ( k ɨ - - - - )	27	m ɨ k ɨ	Hand	Hand	70	Sharanawa	mɨkɨ	mɨkɨ	None
84	( - - - ) m ɨ t a ( - - - - - )	37	m ɨ t a	Night	Night	71	Proto-Pano-Takana	mɨta	mɨta	None
85	( - j a ) m ɨ t !V/a ( - - - - - )	37	j a m ɨ t !V/a	Night	Night	71	Proto-Pano	yamɨtV	yamɨtV	None
86	( - - i ) m ɨ - - ( - - - - - )	37	i m ɨ	Night	Night	71	Kakataibo	imɨ	imɨ	None
87	( - j a ) m ɨ - - ( - - - - - )	37	j a m ɨ	Night	Night	71	ShipiboKonibo	yamɨ	yamɨ	None
88	( - j a ) m ɨ - - ( - - - - - )	37	j a m ɨ	Night	Night	71	Kapanawa	yamɨ	yamɨ	None
89	( - j a ) m ɨ - - ( - - - - - )	37	j a m ɨ	Night	Night	71	Marubo	yamɨ	yamɨ	None
90	( - j a ) m ɨ t a ( - - - - - )	37	j a m ɨ t a	Night	Night	71	Kaxarari	yamɨta	yamɨta	None
91	( - j a ) m ɨ - a ( - - - - - )	37	j a m ɨ a	Night	Night	71	Yaminawa	yamɨa	yamɨa	None
92	( - j a ) b ɨ - - ( - - - - - )	37	j a b ɨ	Night	Night	71	Chaninawa	yabɨ	yabɨ	None
93	( - j a ) m ɨ - - ( - - - - - )	37	j a m ɨ	Night	Night	71	Sharanawa	yamɨ	yamɨ	None
94	( - - ) b i ts i	39	b i ts i	Skin	Skin	22	Proto-Pano-Takana	bitsi	bitsi	None
95	( - - ) β i ts i	39	β i ts i	Skin	Skin	22	Proto-Pano	βitsi	βitsi	None
96	( - - ) β i tʃ i	39	β i tʃ i	Skin	Skin	22	Kakataibo	βitʃi	βitʃi	None
97	( - - ) β i tʃ i	39	β i tʃ i	Skin	Skin	22	ShipiboKonibo	βitʃi	βitʃi	None
98	( - - ) β i tʃ i	39	β i tʃ i	Skin	Skin	22	Kapanawa	βitʃi	βitʃi	None
99	( - - ) β i tʃ i	39	β i tʃ i	Skin	Skin	22	Marubo	vitʃi	vitʃi	None
100	( - - ) β i tʃ i	39	β i tʃ i	Skin	Skin	22	Chacobo	βitʃi	βitʃi	None
101	( - - ) b i tʃ i	39	b i tʃ i	Skin	Skin	22	Kaxarari	bitʃi	bitʃi	None
102	( - - ) ɸ i tʃ i	39	ɸ i tʃ i	Skin	Skin	22	Chaninawa	ɸitʃi	ɸitʃi	None
103	( - - ) ɸ i tʃ i	39	ɸ i tʃ i	Skin	Skin	22	Sharanawa	ɸitʃi	ɸitʃi	None
104	( - - ) ts i ʔ i ( - - - )	22	ts i ʔ i	Fire	Fire	None	Proto-Pano-Takana	tsiʔi	tsiʔi	None
105	( - - ) ts i ʔ i ( - - - )	22	ts i ʔ i	Fire	Fire	None	Proto-Pano	tsiʔi	tsiʔi	None
106	( - - ) tʃ i - i ( - - - )	22	tʃ i i	Fire	Fire	None	Kakataibo	tʃii	tʃii	None
107	( - - ) tʃ i - i ( - - - )	22	tʃ i i	Fire	Fire	None	ShipiboKonibo	tʃii	tʃii	None
108	( - - ) tʃ i ʔ i ( - - - )	22	tʃ i ʔ i	Fire	Fire	None	Kapanawa	tʃiʔi	tʃiʔi	None
109	( - - ) tʃ i - - ( - - - )	22	tʃ i	Fire	Fire	None	Marubo	tʃi	tʃi	None
110	( - - ) tʃ i ʔ i ( - - - )	22	tʃ i ʔ i	Fire	Fire	None	Chacobo	tʃiʔi	tʃiʔi	None
111	( - - ) tʃ i ʔ i ( - - - )	22	tʃ i ʔ i	Fire	Fire	None	Kaxarari	tʃiʔi	tʃiʔi	None
112	( - - ) tʃ i - i ( - - - )	22	tʃ i i	Fire	Fire	None	Yaminawa	tʃii	tʃii	None
113	( - - ) tʃ i - i ( - - - )	22	tʃ i i	Fire	Fire	None	Chaninawa	tʃii	tʃii	None
114	( - - ) tʃ i - i ( - - - )	22	tʃ i i	Fire	Fire	None	Sharanawa	tʃii	tʃii	None
115	( - - - - - ) d a n ( - - - - - )	30	d a n	Knee	Knee	37	Proto-Pano-Takana	da-n	da-n	None
116	( - - - - - ) r a ∼ ( - - - - - )	30	r a ∼	Knee	Knee	37	Proto-Pano	rã-	rã-	None
117	( - - - - - ) r a ∼ ( β o ʂ - o )	30	r a ∼ β o ʂ o	Knee	Knee	37	Kakataibo	rãβoʂo	rãβoʂo	None
118	( - - - - - ) r a ∼ ( β o ʂ - o )	30	r a ∼ β o ʂ o	Knee	Knee	37	ShipiboKonibo	rãβoʂo	rãβoʂo	None
119	( - - - - - ) r a ∼ ( β o ʂ - o )	30	r a ∼ β o ʂ o	Knee	Knee	37	Kapanawa	rãβoʂo	rãβoʂo	None
120	( - - - - - ) r a - ( β u ʃ ɨ - )	30	r a β u ʃ ɨ	Knee	Knee	37	Marubo	ravuʃɨ	ravuʃɨ	None
121	( - - - - - ) tʃ a ∼ ( b u r - u )	30	tʃ a ∼ b u r u	Knee	Knee	37	Kaxarari	tʃãburu	tʃãburu	None
122	h e m i	4	h e m i	Blood	Blood	48	Proto-Pano-Takana	hemi	hemi	None
123	h i m i	4	h i m i	Blood	Blood	48	Proto-Pano	himi	himi	None
124	- i m i	4	i m i	Blood	Blood	48	Kakataibo	imi	imi	None
125	h i m i	4	h i m i	Blood	Blood	48	ShipiboKonibo	himi	himi	None
126	h i m i	4	h i m i	Blood	Blood	48	Kapanawa	himi	himi	None
127	- i m.b i	4	i m.b i	Blood	Blood	48	Marubo	imbi	imbi	/b/ as superscript bb
128	h i m i	4	h i m i	Blood	Blood	48	Chacobo	himi	himi	None
129	h i m i	4	h i m i	Blood	Blood	48	Kaxarari	himi	himi	None
130	- i m -	4	i m	Blood	Blood	48	Yaminawa	im	im	None
131	- i b i	4	i b i	Blood	Blood	48	Chaninawa	ibi	ibi	None
132	- i m i	4	i m i	Blood	Blood	48	Sharanawa	imi	imi	None
133	( a ) ʂ u ( - - )	6	a ʂ u	Breast	Breast	None	Proto-Pano-Takana	aṣu	aṣu	None
134	( - ) ʂ o ( - - )	6	ʂ o	Breast	Breast	None	Proto-Pano	ʂo	ʂo	None
135	( - ) ʂ o ( m a )	6	ʂ o m a	Breast	Breast	None	Kakataibo	ʂoma	ʂoma	None
136	( - ) ʂ o ( m a )	6	ʂ o m a	Breast	Breast	None	ShipiboKonibo	ʂoma	ʂoma	None
137	( - ) ʂ o ( m a )	6	ʂ o m a	Breast	Breast	None	Kapanawa	ʂoma	ʂoma	None
138	( - ) ʂ o ( m a )	6	ʂ o m a	Breast	Breast	None	Marubo	ʂoma	ʂoma	None
139	( - ) ʂ o ( m a )	6	ʂ o m a	Breast	Breast	None	Chacobo	ʂoma	ʂoma	None
140	( - ) ʂ o ( m a )	6	ʂ o m a	Breast	Breast	None	Chaninawa	ʂoma	ʂoma	None
141	( - ) ʂ o ( m a )	6	ʂ o m a	Breast	Breast	None	Sharanawa	ʂoma	ʂoma	None
142	b a d i ( - - )	40	b a d i	Moon, Sun	Sun	16	Proto-Pano-Takana	badi	badi	None
143	β a r i ( - - )	40	β a r i	Moon, Sun	Sun	16	Proto-Pano	βari	βari	None
144	β a ɾ i ( - - )	40	β a ɾ i	Moon, Sun	Sun	16	Kakataibo	βaɾi	βaɾi	None
145	β a ɾ i ( - - )	40	β a ɾ i	Moon, Sun	Sun	16	ShipiboKonibo	βaɾi	βaɾi	None
146	β a ɾ i ( - - )	40	β a ɾ i	Moon, Sun	Sun	16	Kapanawa	βaɾi	βaɾi	None
147	β a ɾ i ( - - )	40	β a ɾ i	Moon, Sun	Sun	16	Marubo	vaɾi	vaɾi	None
148	β a ɾ i ( - - )	40	β a ɾ i	Moon, Sun	Sun	16	Chacobo	βaɾi	βaɾi	None
149	β a tʃ i ( - - )	40	β a tʃ i	Moon, Sun	Sun	16	Kaxarari	βatʃi	βatʃi	None
150	ɸ a ɾ i ( - - )	40	ɸ a ɾ i	Moon, Sun	Sun	16	Chaninawa	ɸaɾi	ɸaɾi	None
151	ɸ a r i ( - - )	40	ɸ a r i	Moon, Sun	Sun	16	Sharanawa	ɸari	ɸari	None
152	m i ( - - - - - )	47	m i	You	You	72	Proto-Pano-Takana	mi	mi	None
153	m i ( - - - - - )	47	m i	You	You	72	Proto-Pano	mi	mi	None
154	m !iː/i ( - - - - - )	47	m !iː/i	You	You	72	Kakataibo	miː	miː	None
155	m i ( - - a - - )	47	m i a	You	You	72	ShipiboKonibo	mia	mia	None
156	m i ( - - a - - )	47	m i a	You	You	72	Kapanawa	mia	mia	None
157	m i ( - - a - - )	47	m i a	You	You	72	Chacobo	mia	mia	object form
158	b ɨ	10	b ɨ	Come	Come	24	Proto-Pano-Takana	bɨ-	bɨ-	None
159	β ɨ	10	β ɨ	Come	Come	24	Proto-Pano	βɨ-	βɨ-	'come,bring'
160	β ɨ	10	β ɨ	Come	Come	24	Kakataibo	βɨ-	βɨ-	None
161	β ɨ	10	β ɨ	Come	Come	24	ShipiboKonibo	βɨ-	βɨ-	None
162	β ɨ	10	β ɨ	Come	Come	24	Kapanawa	βɨ-	βɨ-	None
163	β ɨ	10	β ɨ	Come	Come	24	Chacobo	βɨ-	βɨ-	None
164	b ɨ	10	b ɨ	Come	Come	24	Kaxarari	bɨ-	bɨ-	None
165	ɸ ɨ	10	ɸ ɨ	Come	Come	24	Yaminawa	ɸɨ-	ɸɨ-	None
166	ɸ ɨ	10	ɸ ɨ	Come	Come	24	Chaninawa	ɸɨ-	ɸɨ-	None
167	ɸ ɨ	10	ɸ ɨ	Come	Come	24	Sharanawa	ɸɨ-	ɸɨ-	None
168	ʔ ɨ ( - - - )	28	ʔ ɨ	I	I	11	Proto-Pano-Takana	ʔɨ	ʔɨ	None
169	ʔ ɨ ( - - - )	28	ʔ ɨ	I	I	11	Proto-Pano	ʔɨ	ʔɨ	None
170	ʔ ɨ ( - - - )	28	ʔ ɨ	I	I	11	Kakataibo	ʔɨ	ʔɨ	None
171	ʔ ɨ ( - - - )	28	ʔ ɨ	I	I	11	ShipiboKonibo	ʔɨ	ʔɨ	None
172	ʔ ɨ ( - - - )	28	ʔ ɨ	I	I	11	Kapanawa	ʔɨ	ʔɨ	None
173	- ɨ ( - - - )	28	ɨ	I	I	11	Chacobo	ɨ	ɨ	None
174	( - - ) !N/r a m i	23	!N/r a m i	Flesh	Flesh	78	Proto-Pano-Takana	Nami	Nami	None
175	( - - ) n a m i	23	n a m i	Flesh	Flesh	78	Proto-Pano	nami	nami	Additional cognates refering to body parts
176	( - - ) n a m i	23	n a m i	Flesh	Flesh	78	Kakataibo	nami	nami	None
177	( - - ) n a m i	23	n a m i	Flesh	Flesh	78	ShipiboKonibo	nami	nami	None
178	( - - ) n a m i	23	n a m i	Flesh	Flesh	78	Kapanawa	nami	nami	None
179	( - - ) n a m i	23	n a m i	Flesh	Flesh	78	Marubo	nami	nami	None
180	( - - ) n a m i	23	n a m i	Flesh	Flesh	78	Chacobo	nami	nami	None
181	( - - ) l a m i	23	l a m i	Flesh	Flesh	78	Kaxarari	lami	lami	None
182	( - - ) n a m i	23	n a m i	Flesh	Flesh	78	Yaminawa	nami	nami,nãmi	None
183	( - - ) n a b i	23	n a b i	Flesh	Flesh	78	Chaninawa	nabi	nabi,dami	None
184	( - - ) n a m i	23	n a m i	Flesh	Flesh	78	Sharanawa	nami	nami,namin	None
185	( - - ) ʂ ɨ !N/r i	20	ʂ ɨ !N/r i	Fat	Fat	99	Proto-Pano-Takana	ʂɨNi	ʂɨNi	None
186	( - - ) ʂ ɨ n i	20	ʂ ɨ n i	Fat	Fat	99	Proto-Pano	ʂɨni	ʂɨni	None
187	( - - ) ʂ ɨ n i	20	ʂ ɨ n i	Fat	Fat	99	Kakataibo	ʂɨni	ʂɨni	None
188	( - - ) ʂ ɨ n i	20	ʂ ɨ n i	Fat	Fat	99	ShipiboKonibo	ʂɨni	ʂɨni	None
189	( - - ) ʂ ɨ n i	20	ʂ ɨ n i	Fat	Fat	99	Kapanawa	ʂɨni	ʂɨni	None
190	( - - ) ʂ ɨ n i	20	ʂ ɨ n i	Fat	Fat	99	Marubo	ʂɨni	ʂɨni	None
191	( - - ) ʂ ɨ n i	20	ʂ ɨ n i	Fat	Fat	99	Chacobo	ʂɨni	ʂɨni	None
192	( - - ) ʂ ɨ n !ĩ/i	20	ʂ ɨ n !ĩ/i	Fat	Fat	99	Yaminawa	ʂɨnĩ	ʂɨnĩ	None
193	( - - ) ʃ ɨ d i	20	ʃ ɨ d i	Fat	Fat	99	Chaninawa	ʃɨdi	ʃɨdi,ʃidi,ʂidi	None
194	( - - ) ʂ ɨ n i	20	ʂ ɨ n i	Fat	Fat	99	Sharanawa	ʂɨni	ʂɨni	None
195	( - - ) m ɨ - ( + ) ts i z i ( - - - - - )	21	m ɨ + ts i z i	Fingernail	Fingernail	None	Proto-Pano-Takana	mɨ-tsizi	mɨ-tsizi	None
196	( - - ) m ɨ !∼/n ( + ) ts i s i ( - - - - - )	21	m ɨ !∼/n + ts i s i	Fingernail	Fingernail	None	Proto-Pano	mɨ̃-tsisi	mɨ̃-tsis[i]	None
197	( - - ) - u n ( - ) ts i s - ( - - - - - )	21	u n ts i s	Fingernail	Fingernail	None	Kakataibo	Untsis	Untsis,untsɨs	None
198	( - - ) m !ɨ̃/ɨ n ( - ) ts i s - ( - - - - - )	21	m !ɨ̃/ɨ n ts i s	Fingernail	Fingernail	None	ShipiboKonibo	mɨ̃ntsis	mɨ̃ntsis,mɨ̃tsis	None
199	( - - ) m !ɨ̃/ɨ n ( - ) ts i s - ( - - - - - )	21	m !ɨ̃/ɨ n ts i s	Fingernail	Fingernail	None	Kapanawa	mɨ̃ntsis	mɨ̃ntsis	None
200	( - - ) m ɨ ∼ ( - ) ts i s i ( - - - - - )	21	m ɨ ∼ ts i s i	Fingernail	Fingernail	None	Marubo	mɨ̃tsisi	mɨ̃tsisi	None
201	( - - ) m ɨ ∼ ( - ) ts i s - ( - - - - - )	21	m ɨ ∼ ts i s	Fingernail	Fingernail	None	Chacobo	mɨ̃tsis	mɨ̃tsis,mɨ̃tsisi	None
202	( - - ) m ɨ ∼ ( - ) tʃ i s i ( - - - - - )	21	m ɨ ∼ tʃ i s i	Fingernail	Fingernail	None	Kaxarari	mɨ̃tʃisi	mɨ̃tʃisi	None
203	( - - ) m i - ( - ) ts i s - ( - - - - - )	21	m i ts i s	Fingernail	Fingernail	None	Yaminawa	mitsis	mitsis,mitsisi	None
204	( - - ) b i - ( - ) ts i s - ( - - - - - )	21	b i ts i s	Fingernail	Fingernail	None	Chaninawa	bitsis	bitsis(otsis)	None
205	( - - ) m ɨ - ( - ) ts i s i ( - - - - - )	21	m ɨ ts i s i	Fingernail	Fingernail	None	Sharanawa	mɨtsisi	mɨtsisi,otsisi	None
206	( - - - - ) t a ( - - - - - - - )	24	t a	Foot,leg	Foot,leg	103	Proto-Pano-Takana	ta-	ta-	None
207	( - - - - ) t a ( - - - - - - - )	24	t a	Foot,leg	Foot,leg	103	Proto-Pano	ta-	ta-	'foot'
208	( - - - - ) t a ( - ɨ - - - - - )	24	t a ɨ	Foot,leg	Foot,leg	103	Kakataibo	taɨ	taɨ	None
209	( - - - - ) t a ( - ɨ - - - - - )	24	t a ɨ	Foot,leg	Foot,leg	103	ShipiboKonibo	taɨ	taɨ	None
210	( - - - - ) t a ( ʔ ɨ - - - - - )	24	t a ʔ ɨ	Foot,leg	Foot,leg	103	Kapanawa	taʔɨ	taʔɨ	None
211	( - - - - ) t a ( - ɨ - - - - - )	24	t a ɨ	Foot,leg	Foot,leg	103	Marubo	taɨ	taɨ	None
212	( - - - - ) t a ( ʔ ɨ - - - - - )	24	t a ʔ ɨ	Foot,leg	Foot,leg	103	Chacobo	taʔɨ	taʔɨ	None
213	( - - - - ) t a ( ʔ ɨ - - - - - )	24	t a ʔ ɨ	Foot,leg	Foot,leg	103	Kaxarari	taʔɨ	taʔɨ	None
214	( - - - - ) t a ( - ɨ - - - - - )	24	t a ɨ	Foot,leg	Foot,leg	103	Yaminawa	taɨ	taɨ,taɨ̃	None
215	( - - - - ) t a ( - ɨ - - - - - )	24	t a ɨ	Foot,leg	Foot,leg	103	Chaninawa	taɨ	taɨ	None
216	( - - - - ) t a ( - ɨ - - - - - )	24	t a ɨ	Foot,leg	Foot,leg	103	Sharanawa	taɨ	taɨ,taɨn	None
217	( - - ) kʷ ɨ ( - - - - - - - - )	32	kʷ ɨ	Lip,edge	Lip,edge	59	Proto-Pano-Takana	kʷɨ	kʷɨ~kɨ-	None
218	( - - ) kʷ ɨ ( - - - - - - - - )	32	kʷ ɨ	Lip,edge	Lip,edge	59	Proto-Pano	kʷɨ-	kʷɨ-	None
219	( - - ) kʷ ɨ ( β i - - - - - - )	32	kʷ ɨ β i	Lip,edge	Lip,edge	59	Kakataibo	kʷɨβi-	kʷɨβi-	None
220	( - - ) k ɨ ( β i - - - - - - )	32	k ɨ β i	Lip,edge	Lip,edge	59	ShipiboKonibo	kɨβi-	kɨβi-	None
221	( - - ) k ɨ ( β i tʃ i - - - - )	32	k ɨ β i tʃ i	Lip,edge	Lip,edge	59	Chacobo	kɨβitʃi	kɨβitʃi	None
222	( - - ) k u ( ɸ i r i s i k a )	32	k u ɸ i r i s i k a	Lip,edge	Lip,edge	59	Sharanawa	kuɸirisika	kuɸirisika	None
223	( - - - - ) t a m u	9	t a m u	Cheek	Cheek	105	Proto-Pano-Takana	tamu	tamu	None
224	( - - - - ) t a m o	9	t a m o	Cheek	Cheek	105	Proto-Pano	tamo	tamo	None
225	( - - - - ) t a m o	9	t a m o	Cheek	Cheek	105	Kakataibo	tamo	tamo	None
226	( - - - - ) t a m o	9	t a m o	Cheek	Cheek	105	ShipiboKonibo	tamo	tamo	None
227	( - - - - ) t a m o	9	t a m o	Cheek	Cheek	105	Kapanawa	tamo	tamo	None
228	( - - - - ) t a m.b o	9	t a m.b o	Cheek	Cheek	105	Marubo	tambo	tambo	/m/ as superscript
229	( - - - - ) t a m o	9	t a m o	Cheek	Cheek	105	Chacobo	tamo	tamo	None
230	( - - - - ) t a m u	9	t a m u	Cheek	Cheek	105	Kaxarari	tamu	tamu	None
231	( - - - - ) t a m o	9	t a m o	Cheek	Cheek	105	Yaminawa	tamo	tamo,tamõ	None
232	( - - - - ) t a m o	9	t a m o	Cheek	Cheek	105	Sharanawa	tamo	tamo,tamon	None
233	( - - ) kʷ e ʂ a ( - - )	35	kʷ e ʂ a	Mouth	Mouth	None	Proto-Pano-Takana	kʷeʂa	kʷeʂa	None
234	( - - ) kʷ ɨ ʂ a ( - - )	35	kʷ ɨ ʂ a	Mouth	Mouth	None	Proto-Pano	kʷɨʂa	kʷɨʂa[CV]	None
235	( - - ) kʷ ɨ ʂ a ( - - )	35	kʷ ɨ ʂ a	Mouth	Mouth	None	Kakataibo	kʷɨʂa	kʷɨʂa	None
236	( - - ) k ɨ ʂ a ( - - )	35	k ɨ ʂ a	Mouth	Mouth	None	ShipiboKonibo	kɨʂa	kɨʂa	None
237	( - - ) k ɨ ʂ a ( - - )	35	k ɨ ʂ a	Mouth	Mouth	None	Kapanawa	kɨʂa	kɨʂa	None
238	( - - ) k ɨ ʃ a ( - - )	35	k ɨ ʃ a	Mouth	Mouth	None	Marubo	kɨʃa	kɨʃa	None
239	( - - ) k ɨ ʂ a ( k a )	35	k ɨ ʂ a k a	Mouth	Mouth	None	Kaxarari	kɨʂaka	kɨʂaka	None
240	( - - ) k ɨ ʂ !ã/a ( - - )	35	k ɨ ʂ !ã/a	Mouth	Mouth	None	Yaminawa	kɨʂã	kɨʂã,kɨʂamã	None
241	( - - ) k ɨ ʃ a ( - - )	35	k ɨ ʃ a	Mouth	Mouth	None	Chaninawa	kɨʃa	kɨʃa,kɨʂa	None
242	( - - ) k ɨ ʂ a ( - - )	35	k ɨ ʂ a	Mouth	Mouth	None	Sharanawa	kɨʂa	kɨʂa,kɨʂan	None
243	( - - - - - - ) b a ( - ) ʂ u ( - - - - - )	19	b a ʂ u	Elbow	Elbow	None	Proto-Pano-Takana	baṣu	baṣu	None
244	( - - - - - - ) β a ( - ) ʂ u ( - - - - - )	19	β a ʂ u	Elbow	Elbow	None	Proto-Pano	βaʂ(u)-	βaʂ(u)-	None
245	( - - - b a n ) b u ( - ) x u ( - - - - - )	19	b a n b u x u	Elbow	Elbow	None	Kakataibo	banbuxu	banbuxu	None
246	( - - - - - - ) p !õ/o ( - ) t o ( - ∼ - k o )	19	p !õ/o t o ∼ k o	Elbow	Elbow	None	ShipiboKonibo	põtõko	põtõko	None
247	( - - - - - - ) b a ( - ) ʂ - ( p o ʂ k o )	19	b a ʂ p o ʂ k o	Elbow	Elbow	None	Kapanawa	baʂpoʂko	baʂpoʂko	None
248	( - - - - - - ) b a ( - ) s - ( p o - t o )	19	b a s p o t o	Elbow	Elbow	None	Chacobo	baspoto	baspoto	None
249	( - - - - - - ) p a ( - ) x u ( x u - - - )	19	p a x u x u	Elbow	Elbow	None	Kaxarari	paxuxu	paxuxu	None
250	( - - - - - - ) p o ( + ) t o ( - + ʃ k o )	19	p o + t o + ʃ k o	Elbow	Elbow	None	Yaminawa	po-to-ṣ̌ko	po-to-ṣ̌ko	None
251	- i w i ( - - )	45	i w i	Tree	Tree	47	Shanenawa	iwi	iwi	None
252	h i w i ( - - )	45	h i w i	Tree	Tree	47	Katukina	hiwi	hiwi	None
253	- i w i ( - - )	45	i w i	Tree	Tree	47	Poyanawa	iwi	iwi	None
254	h !iː/i - - ( - - )	45	h !iː/i	Tree	Tree	47	Amawaka	hiː	hiː	None
255	h i - - ( - - )	45	h i	Tree	Tree	47	Kaxinawa	hi	hi	None
256	- i w i ( - - )	45	i w i	Tree	Tree	47	Marinawa	iwi	iwi	None
257	- i w i ( - - )	45	i w i	Tree	Tree	47	Korubo	iwi	iwi	None
258	- i w i ( - - )	45	i w i	Tree	Tree	47	Matses	iwi	iwi	None
259	( - - ) ʂ ɨ ( - t a )	44	ʂ ɨ t a	Tooth	Tooth	96	Shanenawa	ʂɨta	ʂɨta	None
260	( - - ) ʂ i ( - t a )	44	ʂ i t a	Tooth	Tooth	96	Katukina	ʂita	ʂita	None
261	( - - ) x ɨ ( - t a )	44	x ɨ t a	Tooth	Tooth	96	Amawaka	xɨta	xɨta	None
262	( - - ) ʂ ɨ ( - t a )	44	ʂ ɨ t a	Tooth	Tooth	96	Kaxinawa	ʂɨta	ʂɨta	None
263	( - - ) ʂ ɨ ( - t a )	44	ʂ ɨ t a	Tooth	Tooth	96	Marinawa	ʂɨta	ʂɨta	None
264	( - - ) ʂ ɨ ( - t a )	44	ʂ ɨ t a	Tooth	Tooth	96	Yawanawa	ʂɨta	ʂɨta	None
265	( - - ) ʂ ɨ ( - t a )	44	ʂ ɨ t a	Tooth	Tooth	96	Korubo	ʂɨta	ʂɨta	None
266	( - - ) ʂ ɨ ( - t a )	44	ʂ ɨ t a	Tooth	Tooth	96	Matis	ʂɨta	ʂɨta	None
267	( - - ) ʂ ɨ ( - t a )	44	ʂ ɨ t a	Tooth	Tooth	96	Matses	ʂɨta	ʂɨta	None
268	( r a - ) f u - - ( - - - - )	46	r a f u	Two	Two	24	Shanenawa	rafu	rafu	None
269	( r a - ) β i - - ( - - - - )	46	r a β i	Two	Two	24	Katukina	raβi	raβi	None
270	( r a - ) β u - - ( - - - - )	46	r a β u	Two	Two	24	Poyanawa	raβu	raβu	None
271	( r a - ) β ɨ - - ( - - - - )	46	r a β ɨ	Two	Two	24	Amawaka	raβɨ	raβɨ	None
272	( r a - ) ɸ ɨ - - ( - - - - )	46	r a ɸ ɨ	Two	Two	24	Marinawa	raɸɨ	raɸɨ	None
273	( r a - ) β ɨ - - ( - - - - )	46	r a β ɨ	Two	Two	24	Yawanawa	raβɨ	raβɨ	None
274	( ɬ a - ) β ɨ t - ( p a - - )	46	ɬ a β ɨ t p a	Two	Two	24	Korubo	ɬaβɨtpa	ɬaβɨtpa	None
275	( d a - ) b ɨ d - ( p a - - )	46	d a b ɨ d p a	Two	Two	24	Matis	dabɨdpa	dabɨdpa	None
276	( d a - ) - ɨ d - ( - - - - )	46	d a ɨ d	Two	Two	24	Matses	daɨd	daɨd	None
277	( - - ) t a k a	33	t a k a	Liver	Liver	104	Shanenawa	taka	taka	None
278	( - - ) t a k a	33	t a k a	Liver	Liver	104	Katukina	taka	taka	None
279	( - - ) t a k a	33	t a k a	Liver	Liver	104	Poyanawa	taka	taka	None
280	( - - ) t a k a	33	t a k a	Liver	Liver	104	Amawaka	taka	taka	None
281	( - - ) t a k a	33	t a k a	Liver	Liver	104	Kaxinawa	taka	taka	None
282	( - - ) t a k a	33	t a k a	Liver	Liver	104	Marinawa	taka	taka	None
283	( - - ) t a k a	33	t a k a	Liver	Liver	104	Yawanawa	taka	taka	None
284	( - - ) t a kʷ a	33	t a kʷ a	Liver	Liver	104	Korubo	takʷa	takʷa	None
285	( - - ) t a kʷ a	33	t a kʷ a	Liver	Liver	104	Matis	takua	takua	None
286	( - - ) t a kʷ a	33	t a kʷ a	Liver	Liver	104	Matses	takʷa	takʷa	None
287	( - - ) p ɨ - i	31	p ɨ i	Leaf,To fan	Leaf	None	Shanenawa	pɨj	pɨj	None
288	( - - ) p ɨ - i	31	p ɨ i	Leaf,To fan	Leaf	None	Katukina	pɨi	pɨi	None
289	( - - ) p u - i	31	p u i	Leaf,To fan	Leaf	None	Poyanawa	puy	puy	None
290	( - - ) p ɨ ʔ i	31	p ɨ ʔ i	Leaf,To fan	Leaf	None	Amawaka	pɨʔi	pɨʔi	None
291	( - - ) p ɨ - i	31	p ɨ i	Leaf,To fan	Leaf	None	Kaxinawa	pɨi	pɨi	None
292	( - - ) p ɨ - i	31	p ɨ i	Leaf,To fan	Leaf	None	Marinawa	pɨi	pɨi	None
293	( - - ) p ɨ - i	31	p ɨ i	Leaf,To fan	Leaf	None	Yawanawa	pɨi	pɨi	None
294	( - - ) p ɨ - i	31	p ɨ i	Leaf,To fan	Leaf	None	Matis	pɨi	pɨi	None
295	( - - ) p ɨ - -	31	p ɨ	Leaf,To fan	Leaf	None	Matses	pɨ	pɨ	None
296	( - - - ) ʂ a ( - ) !w/o	5	ʂ a !w/o	Bone	Bone	93	Shanenawa	ʂaw	ʂaw	Shell (1975: 174, 398) and Oliveira (2014: 459, 398) reconstruct *ʂao. Kasharari presents the form ʂahu [ʂa'hwu] (Lanes 2005, in Oliveira 2014). For Matses/Mayoruna we consider as evidence the final consonant in mɨ-ʂ‘wrist bone’, taɨ-ʂ‘ankle bone’, and ʂomoʂ‘needle made of bone’ (Fleck et al. 2012).
297	( - - - ) ʃ a ( - ) u	5	ʃ a u	Bone	Bone	93	Katukina	ʃau	ʃau	None
298	( - - - ) h a ( - ) !w/u	5	h a !w/u	Bone	Bone	93	Poyanawa	haw	haw	None
299	( - - - ) x a ( - ) o	5	x a o	Bone	Bone	93	Amawaka	xao	xao	None
300	( - - - ) ʂ a ( - ) u	5	ʂ a u	Bone	Bone	93	Kaxinawa	ʂau	ʂau	None
301	( - - - ) ʂ a ( - ) o	5	ʂ a o	Bone	Bone	93	Marinawa	ʂao	ʂao	None
302	( - - - ) ʃ a ( - ) u	5	ʃ a u	Bone	Bone	93	Yawanawa	ʃau	ʃau	None
303	( m ɨ + ) ʂ - ( - ) -	5	m ɨ + ʂ	Bone	Bone	93	Matses	mɨ-ʂ	mɨ-ʂ,taɨ-ʂ,ʂomoʂ	'wrist bone','ankle bone','needle made of bone'
304	( - - - ) - a n ( - ) a	43	a n a	Tongue	Tongue	46	Shanenawa	ana	ana	None
305	( - - - ) - a n ( - ) a	43	a n a	Tongue	Tongue	46	Katukina	ana	ana	None
306	( - - - ) - a ∼.d ( - ) a	43	a ∼.d a	Tongue	Tongue	46	Poyanawa	ãda	ãda	None
307	( - - - ) h a n ( - ) a	43	h a n a	Tongue	Tongue	46	Amawaka	hana	hana	None
308	( - - - ) h a n ( - ) a	43	h a n a	Tongue	Tongue	46	Kaxinawa	hana	hana	None
309	( - - - ) - a n ( - ) a	43	a n a	Tongue	Tongue	46	Marinawa	ana	ana	None
310	( - - - ) - a n ( n ) a	43	a n n a	Tongue	Tongue	46	Yawanawa	anna	anna	None
311	( - - - ) - a n ( - ) a	43	a n a	Tongue	Tongue	46	Korubo	ana	ana	None
312	( - - - ) - a n ( - ) a	43	a n a	Tongue	Tongue	46	Matis	ana	ana	None
313	( - - ) m ɨ ( k ɨ ∼ - - - )	27	m ɨ k ɨ ∼	Hand	Hand	70	Amawaka	mɨkɨ̃	mɨkɨ̃	None
314	( - - ) m ɨ ( k ɨ ∼ - - - )	27	m ɨ k ɨ ∼	Hand	Hand	70	Kaxinawa	mɨkɨ̃	mɨkɨ̃	None
315	( - - ) m ɨ ( k ɨ - - - - )	27	m ɨ k ɨ	Hand	Hand	70	Marinawa	mɨkɨ	mɨkɨ	None
316	( - - ) m ɨ ( k ɨ n - - - )	27	m ɨ k ɨ n	Hand	Hand	70	Matis	mɨkɨn	mɨkɨn	None
317	( - - ) m ɨ ( d a n t e - )	27	m ɨ d a n t e	Hand	Hand	70	Matses	mɨdante	mɨdante	None
318	( - j a ) m ɨ - - ( - - - - - )	37	j a m ɨ	Night	Night	71	Shanenawa	yamɨ	yamɨ	None
319	( - j a ) m ɨ - - ( - - - - - )	37	j a m ɨ	Night	Night	71	Katukina	yamɨ	yamɨ	None
320	( - i a ) ∼.b u - - ( - - - - - )	37	i a ∼.b u	Night	Night	71	Poyanawa	iãvu	iãvu	None
321	( - j a ) m !ɨː/ɨ - - ( - - - - - )	37	j a m !ɨː/ɨ	Night	Night	71	Amawaka	yamɨː	yamɨː	None
322	( - j a ) m ɨ - - ( - - - - - )	37	j a m ɨ	Night	Night	71	Kaxinawa	yamɨ	yamɨ	None
323	( - j a ) m ɨ - - ( - - - - - )	37	j a m ɨ	Night	Night	71	Marinawa	yamɨ	yamɨ	None
324	( - i a ) m ɨ - - ( - - - - - )	37	i a m ɨ	Night	Night	71	Yawanawa	iamɨ	iamɨ	None
325	( - - i ) m ɨ t - ( - - - - - )	37	i m ɨ t	Night	Night	71	Korubo	imɨt	imɨt	None
326	( - - i ) m ɨ d - ( - - - - - )	37	i m ɨ d	Night	Night	71	Matis	imɨd	imɨd	None
327	( - - ) f i tʃ i	39	f i tʃ i	Skin	Skin	22	Shanenawa	fitʃi	fitʃi	None
328	( - - ) b i tʃ i	39	b i tʃ i	Skin	Skin	22	Kaxinawa	bitʃi	bitʃi	None
329	( - - ) ɸ i tʃ i	39	ɸ i tʃ i	Skin	Skin	22	Marinawa	ɸitʃi	ɸitʃi	None
330	( - - ) β ɨ tʃ i	39	β ɨ tʃ i	Skin	Skin	22	Yawanawa	βɨtʃi	βɨtʃi	None
331	( - - ) b i ts i	39	b i ts i	Skin	Skin	22	Matis	bitsi	bitsi	None
332	( - - ) b i ts i	39	b i ts i	Skin	Skin	22	Matses	bitsi	bitsi	None
333	( - - ) tʃ i - - ( - - - )	22	tʃ i	Fire	Fire	None	Shanenawa	tʃi	tʃi	None
334	( - - ) tʃ i - i ( - - - )	22	tʃ i i	Fire	Fire	None	Katukina	tʃii	tʃii	None
335	( - - ) tʃ i ʔ i ( - - - )	22	tʃ i ʔ i	Fire	Fire	None	Amawaka	tʃiʔi	tʃiʔi	None
336	( - - ) tʃ i - - ( - - - )	22	tʃ i	Fire	Fire	None	Kaxinawa	tʃi	tʃi	None
337	( - - ) tʃ i - - ( - - - )	22	tʃ i	Fire	Fire	None	Marinawa	tʃi	tʃi	None
338	( - - ) tʃ i - - ( - - - )	22	tʃ i	Fire	Fire	None	Yawanawa	tʃi	tʃi	None
339	( - - - - - ) r a - ( β ɨ ʂ - o )	30	r a β ɨ ʂ o	Knee	Knee	37	Katukina	raβɨʂo	raβɨʂo	None
340	( - - - - - ) r a - ( w o x k o )	30	r a w o x k o	Knee	Knee	37	Amawaka	rawoxko	rawoxko	None
341	- i m i	4	i m i	Blood	Blood	48	Shanenawa	imi	imi	None
342	h i m i	4	h i m i	Blood	Blood	48	Katukina	himi	himi	None
343	- i b i	4	i b i	Blood	Blood	48	Poyanawa	ibi	ibi	None
344	h i m i	4	h i m i	Blood	Blood	48	Amawaka	himi	himi	None
345	h i m i	4	h i m i	Blood	Blood	48	Kaxinawa	himi	himi	None
346	- i m i	4	i m i	Blood	Blood	48	Marinawa	imi	imi	None
347	- i m i	4	i m i	Blood	Blood	48	Yawanawa	imi	imi	None
348	- i n.t a	4	i n.t a	Blood	Blood	48	Korubo	inta	inta	None
349	- i m i	4	i m i	Blood	Blood	48	Matis	imi	imi	None
350	- i m i	4	i m i	Blood	Blood	48	Matses	imi	imi	None
351	( - ) ʂ u ( m a )	6	ʂ u m a	Breast	Breast	None	Shanenawa	ʂuma	ʂuma	None
352	( - ) ʃ u ( m a )	6	ʃ u m a	Breast	Breast	None	Katukina	ʃuma	ʃuma	None
353	( - ) h u ( ∼.b a )	6	h u ∼.b a	Breast	Breast	None	Poyanawa	hũba	hũba	None
354	( - ) x o ( m a )	6	x o m a	Breast	Breast	None	Amawaka	xoma	xoma	None
355	( - ) ʂ u ( m a )	6	ʂ u m a	Breast	Breast	None	Kaxinawa	ʂuma	ʂuma	None
356	( - ) ʂ o ( m a )	6	ʂ o m a	Breast	Breast	None	Marinawa	ʂoma	ʂoma	None
357	( - ) ʃ u ( m a )	6	ʃ u m a	Breast	Breast	None	Yawanawa	ʃuma	ʃuma	None
358	( - ) ʂ u ( m a )	6	ʂ u m a	Breast	Breast	None	Korubo	ʂuma	ʂuma	None
359	( - ) ʂ u ( m a )	6	ʂ u m a	Breast	Breast	None	Matis	ʂuma	ʂuma	None
360	( - ) ʂ u ( m a )	6	ʂ u m a	Breast	Breast	None	Matses	ʂuma	ʂuma	None
361	f a ɾ i ( - - )	40	f a ɾ i	Moon, Sun	Sun	16	Shanenawa	faɾi	faɾi	None
362	β a ɾ i ( - - )	40	β a ɾ i	Moon, Sun	Sun	16	Katukina	βaɾi	βaɾi	None
363	β a ɾ i ( - - )	40	β a ɾ i	Moon, Sun	Sun	16	Poyanawa	βaɾi	βaɾi	None
364	b a r i ( - - )	40	b a r i	Moon, Sun	Sun	16	Amawaka	bari	bari	None
365	b a d i ( - - )	40	b a d i	Moon, Sun	Sun	16	Kaxinawa	badi	badi	None
366	ɸ a ɾ i ( - - )	40	ɸ a ɾ i	Moon, Sun	Sun	16	Marinawa	ɸaɾi	ɸaɾi	None
367	β a ɾ i ( - - )	40	β a ɾ i	Moon, Sun	Sun	16	Yawanawa	βaɾi	βaɾi	None
368	β a ɬ i ( - - )	40	β a ɬ i	Moon, Sun	Sun	16	Korubo	βaɬi	βaɬi	None
369	b a d i ( - - )	40	b a d i	Moon, Sun	Sun	16	Matis	badi	badi	None
370	b a d i ( a d )	40	b a d i a d	Moon, Sun	Sun	16	Matses	badiad	badiad	None
371	m i ( j - a - - )	47	m i j a	You	You	72	Amawaka	miya	miya	None
372	m i ( - - a - - )	47	m i a	You	You	72	Kaxinawa	mia	mia	None
373	m i ( - - a - - )	47	m i a	You	You	72	Marinawa	mia	mia	None
374	m i ( - - - - - )	47	m i	You	You	72	Korubo	mi	mi	None
375	m i ( - - - - - )	47	m i	You	You	72	Matis	mi_	mi (minbi,mibi,min)	None
376	m i ( - - - - - )	47	m i	You	You	72	Matses	mi_	mi (minbi,mibi,min)	None
377	β ɨ	10	β ɨ	Come	Come	24	Amawaka	βɨ-	βɨ-	None
378	b ɨ	10	b ɨ	Come	Come	24	Kaxinawa	bɨ-	bɨ-	None
379	ɸ ɨ	10	ɸ ɨ	Come	Come	24	Marinawa	ɸɨ-	ɸɨ-	None
380	β ɨ	10	β ɨ	Come	Come	24	Yawanawa	βɨ-	βɨ-	None
381	β ɨ	10	β ɨ	Come	Come	24	Korubo	βɨ-	βɨ-	None
382	β ɨ	10	β ɨ	Come	Come	24	Matis	βɨ-	βɨ-	None
383	b ɨ	10	b ɨ	Come	Come	24	Matses	bɨ-	bɨ-	None
384	- ɨ ( - - - )	28	ɨ	I	I	11	Amawaka	ɨ	ɨ	None
385	- ɨ ( - - - )	28	ɨ	I	I	11	Kaxinawa	ɨ	ɨ	None
386	- ɨ ( - - - )	28	ɨ	I	I	11	Marinawa	ɨ	ɨ	None
387	( - - ) n a m i	23	n a m i	Flesh	Flesh	78	Shanenawa	nami	nami	None
388	( - - ) n a m i	23	n a m i	Flesh	Flesh	78	Katukina	nami	nami	None
389	( - - ) n a ∼.b i	23	n a ∼.b i	Flesh	Flesh	78	Poyanawa	nãbi	nãbi	None
390	( - - ) n a m i	23	n a m i	Flesh	Flesh	78	Amawaka	nami	nami	None
391	( - - ) n a m i	23	n a m i	Flesh	Flesh	78	Kaxinawa	nami	nami	None
392	( - - ) n a m i	23	n a m i	Flesh	Flesh	78	Marinawa	nami	nami	None
393	( - - ) n a m i	23	n a m i	Flesh	Flesh	78	Yawanawa	nami	nami	None
394	( - - ) n a m i	23	n a m i	Flesh	Flesh	78	Matis	nami	nami	None
395	( - - ) n a m i	23	n a m i	Flesh	Flesh	78	Matses	nami	nami	None
396	( - - ) ʂ ɨ n i	20	ʂ ɨ n i	Fat	Fat	99	Shanenawa	ʂɨni	ʂɨni	None
397	( - - ) ʃ ɨ n i	20	ʃ ɨ n i	Fat	Fat	99	Katukina	ʃɨni	ʃɨni	None
398	( - - ) h a ∼.d i	20	h a ∼.d i	Fat	Fat	99	Poyanawa	hãdi	hãdi	None
399	( - - ) x ɨ n i	20	x ɨ n i	Fat	Fat	99	Amawaka	xɨni	xɨni	None
400	( - - ) ʂ ɨ n i	20	ʂ ɨ n i	Fat	Fat	99	Kaxinawa	ʂɨni	ʂɨni	None
401	( - - ) ʂ ɨ n i	20	ʂ ɨ n i	Fat	Fat	99	Marinawa	ʂɨni	ʂɨni	None
402	( - - ) ʂ ɨ n i	20	ʂ ɨ n i	Fat	Fat	99	Yawanawa	ʂɨni	ʂɨni	None
403	( - - ) ʃ ɨ n i	20	ʃ ɨ n i	Fat	Fat	99	Korubo	ʃɨni	ʃɨni	None
404	( - - ) ʂ ɨ n i	20	ʂ ɨ n i	Fat	Fat	99	Matis	ʂɨni	ʂɨni	None
405	( - - ) m ɨ - ( - ) tʃ i ʃ i ( - - - - - )	21	m ɨ tʃ i ʃ i	Fingernail	Fingernail	None	Shanenawa	mɨtʃiʃi	mɨtʃiʃi	None
406	( - - ) m ɨ ∼ ( - ) tʃ i ʃ i ( - - - - - )	21	m ɨ ∼ tʃ i ʃ i	Fingernail	Fingernail	None	Katukina	mɨ̃tʃiʃi	mɨ̃tʃiʃi	None
407	( - - ) m ɨ n ( - ) ts i s - ( - - - - - )	21	m ɨ n ts i s	Fingernail	Fingernail	None	Amawaka	mɨntsis	mɨntsis	None
408	( - - ) m ɨ ∼ ( - ) ts i s - ( - - - - - )	21	m ɨ ∼ ts i s	Fingernail	Fingernail	None	Kaxinawa	mɨ̃tsis	mɨ̃tsis	None
409	( - - ) m ɨ ∼ ( - ) ts i s i ( - - - - - )	21	m ɨ ∼ ts i s i	Fingernail	Fingernail	None	Marinawa	mɨ̃tsisi	mɨ̃tsisi	None
410	( - - ) m ɨ - ( - ) ts i s i ( - - - - - )	21	m ɨ ts i s i	Fingernail	Fingernail	None	Yawanawa	mɨtsisi	mɨtsisi	None
411	( - - ) m ɨ - ( - ) tʃ i - - ( u n - - - )	21	m ɨ tʃ i u n	Fingernail	Fingernail	None	Korubo	mɨtʃiun	mɨtʃiun	None
412	( - - ) m ɨ n ( - ) t i s - ( - - - - - )	21	m ɨ n t i s	Fingernail	Fingernail	None	Matis	mɨntis	mɨntis	None
413	( - - ) m ɨ n ( - ) ts i s - ( - - - - - )	21	m ɨ n ts i s	Fingernail	Fingernail	None	Matses	mɨntsis	mɨntsis	None
414	( - - - - ) t a ( - ɨ - - - - - )	24	t a ɨ	Foot,leg	Foot,leg	103	Shanenawa	taɨ	taɨ	None
415	( - - - - ) t a ( - ɨ - - - - - )	24	t a ɨ	Foot,leg	Foot,leg	103	Katukina	taɨ	taɨ	None
416	( - - - - ) t a ( - j - - - - - )	24	t a j	Foot,leg	Foot,leg	103	Poyanawa	tay	tay	None
417	( - - - - ) t a ( ʔ ɨ - - - - - )	24	t a ʔ ɨ	Foot,leg	Foot,leg	103	Amawaka	taʔɨ	taʔɨ	None
418	( - - - - ) t a ( - ɨ - - - - - )	24	t a ɨ	Foot,leg	Foot,leg	103	Kaxinawa	taɨ	taɨ	None
419	( - - - - ) t a ( - ɨ - - - - - )	24	t a ɨ	Foot,leg	Foot,leg	103	Marinawa	taɨ	taɨ	None
420	( - - - - ) t a ( - i - - - - - )	24	t a i	Foot,leg	Foot,leg	103	Yawanawa	tai	tai	None
421	( - - - - ) t a ( - ɨ - - - - - )	24	t a ɨ	Foot,leg	Foot,leg	103	Korubo	taɨ	taɨ	None
422	( - - - - ) t a ( - ɨ - - - - - )	24	t a ɨ	Foot,leg	Foot,leg	103	Matis	taɨ	taɨ	None
423	( - - - - ) t a ( - ɨ - - - - - )	24	t a ɨ	Foot,leg	Foot,leg	103	Matses	taɨ	taɨ	None
424	( - - ) k ɨ ( b i tʃ i - - - - )	32	k ɨ b i tʃ i	Lip,edge	Lip,edge	59	Kaxinawa	kɨbitʃi	kɨbitʃi	None
425	( - - ) kʷ i ( b i - - - - - - )	32	kʷ i b i	Lip,edge	Lip,edge	59	Matses	kwibi	kwibi	None
426	( - - - - ) t a m u	9	t a m u	Cheek	Cheek	105	Katukina	tamu	tamu	None
427	( - - - - ) t a ∼.b u	9	t a ∼.b u	Cheek	Cheek	105	Poyanawa	tãbu	tãbu	None
428	( - - - - ) t a m o	9	t a m o	Cheek	Cheek	105	Amawaka	tamo	tamo	None
429	( - - - - ) t a m u	9	t a m u	Cheek	Cheek	105	Kaxinawa	tamu	tamu	None
430	( - - - - ) t a m o	9	t a m o	Cheek	Cheek	105	Marinawa	tamo	tamo	None
431	( - - - - ) t a m.b u	9	t a m.b u	Cheek	Cheek	105	Matses	tambu	tambu	'beard'
432	( - - ) k ɨ ʂ a ( - - )	35	k ɨ ʂ a	Mouth	Mouth	None	Shanenawa	kɨʂa	kɨʂa	None
433	( - - ) k ɨ ʂ a ( - - )	35	k ɨ ʂ a	Mouth	Mouth	None	Katukina	kɨʂa	kɨʂa	None
434	( - - ) k ɨ x a ( - a )	35	k ɨ x a a	Mouth	Mouth	None	Poyanawa	kɨxaa	kɨxaa	None
435	( - - ) k ɨ ʂ a ( - - )	35	k ɨ ʂ a	Mouth	Mouth	None	Amawaka	kɨʂa	kɨʂa	None
436	( - - ) k ɨ ʂ !ã/a ( - - )	35	k ɨ ʂ !ã/a	Mouth	Mouth	None	Kaxinawa	kɨʂ̃a	kɨʂ̃a	None
437	( - - ) k ɨ ʃ a ( - - )	35	k ɨ ʃ a	Mouth	Mouth	None	Marinawa	kɨʃa	kɨʃa	None
438	( - - ) k ɨ h a ( - - )	35	k ɨ h a	Mouth	Mouth	None	Yawanawa	kɨha	kɨha	None
439	( - - - - - - ) b a ( - ) - - ( p o x k o )	19	b a p o x k o	Elbow	Elbow	None	Amawaka	vapoxko	vapoxko	None
440	( - - - - - - ) b a ( - ) ʂ - ( t u n k u )	19	b a ʂ t u n k u	Elbow	Elbow	None	Kaxinawa	baʂtunku	baʂtunku	None
441	( m ɨ n tʂ i n ) β u ( - ) r u ( - - - - - )	19	m ɨ n tʂ i n β u r u	Elbow	Elbow	None	Matis	mɨntʂinβuru	mɨntʂinβuru	None
442	( m ɨ n ts i m ) p i ( - ) s - ( - - - - - )	19	m ɨ n ts i m p i s	Elbow	Elbow	None	Matses	mɨntsimpis	mɨntsimpis	None
443	- a kʷ i ( - - )	45	a kʷ i	Tree	Tree	47	Proto-Takana	akʷi	akʷi	None
444	- a k i ( - - )	45	a k i	Tree	Tree	47	Tacanan	aki	aki	None
445	- e k e ( n á )	45	e k e n a	Tree	Tree	47	Reyesano	ekená	-/ekená	None
446	- a kʷ i ( - - )	45	a kʷ i	Tree	Tree	47	Araona	acui	acui	None
447	- a kʷ i ( - - )	45	a kʷ i	Tree	Tree	47	Mabenaro	akwi	akwi	None
448	- a kʷ i ( - - )	45	a kʷ i	Tree	Tree	47	Cavinena	akwi	akwi	None
449	- a kʷ i ( - - )	45	a kʷ i	Tree	Tree	47	EseEjja	akwi	akwi	None
450	- a kʷ i ( - - )	45	a kʷ i	Tree	Tree	47	Warayo	akwi	akwi	None
451	- a kʷ i ( - - )	45	a kʷ i	Tree	Tree	47	Arasa	akui	akui	None
452	( e + ) tʂ e ( - - - )	44	e + tʂ e	Tooth	Tooth	96	Proto-Takana	e-ce	e-ce	None
453	( e + ) tʂ e ( - - - )	44	e + ts e	Tooth	Tooth	96	Reyesano	e-ce	e-ce/etre	None
454	( e - ) tʃ e ( e - - )	44	e tʃ e e	Tooth	Tooth	96	Sapibokona	echee	echee	None
455	( i - ) ts i ( - - - )	44	i ts i	Tooth	Tooth	96	Mabenaro	itsi	itsi	None
456	( e + ) tʂ e ( - - - )	44	e + ts e	Tooth	Tooth	96	Cavinena	e-ce	e-ce	None
457	( e + ) s e ( - - - )	44	e + s e	Tooth	Tooth	96	EseEjja	e-se	e-se	None
458	( e + ) s !é/e ( - - - )	44	e + s !é/e	Tooth	Tooth	96	Warayo	e-sé	e-sé	None
459	( e - ) s e ( - - - )	44	e s e	Tooth	Tooth	96	Tiatinawa	ese	ese	None
460	( e + ) s !é/e ( - - - )	44	e + s !é/e	Tooth	Tooth	96	Chama	e-sé	e-sé	None
461	( e - ) s e ( - - - )	44	e s e	Tooth	Tooth	96	Arasa	ese	ese	None
462	( - - - ) b e t a ( - - - - )	46	b e t a	Two	Two	24	Proto-Takana	beta	beta	None
463	( - - - ) b e t a ( - - - - )	46	b e t a	Two	Two	24	Tacanan	beta	beta	None
464	( - - - ) m.b e t a ( - - - - )	46	m.b e t a	Two	Two	24	Reyesano	mbeta	mbeta/beta	None
465	( - - - ) b e t a ( - - - - )	46	b e t a	Two	Two	24	Sapibokona	beta	beta	None
466	( - - - ) b e t a ( - - - - )	46	b e t a	Two	Two	24	Araona	beta	beta	None
467	( - - - ) b e t a ( - - - - )	46	b e t a	Two	Two	24	Cavinena	beta	beta	None
468	( - - - ) b e k a ( - - - - )	46	b e k a	Two	Two	24	EseEjja	beka	beka	None
469	( - - - ) b e - a ( b u !é/e - )	46	b e a b u !é/e	Two	Two	24	Warayo	beabué	beabué	None
470	( - - - ) b i k a ( p i a i )	46	b i k a p i a i	Two	Two	24	Tiatinawa	bikapiai	bikapiai	None
471	( - - - ) b !é/e k a ( - - - - )	46	b !é/e k a	Two	Two	24	Chama	béka	béka	None
472	( - - ) t a kʷ a	33	t a kʷ a	Liver	Liver	104	Proto-Takana	takʷa	takʷa	None
473	( e + ) t a kʷ a	33	e + t a kʷ a	Liver	Liver	104	Tacanan	e-takwa	e-takwa	None
474	( e + ) t a kʷ a	33	e + t a kʷ a	Liver	Liver	104	Reyesano	e-takwa	e-takwa/-	None
475	( e + ) t a kʷ a	33	e + t a kʷ a	Liver	Liver	104	Cavinena	e-takwa	e-takwa	None
476	( e + ) k a kʷ a	33	e + k a kʷ a	Liver	Liver	104	EseEjja	e-kakwa	e-kakwa	None
477	( e + ) t a kʷ e	33	e + t a kʷ e	Liver	Liver	104	Warayo	e-takwe	e-takwe	None
478	( e - ) t !á/a kʷ a	33	e t !á/a kʷ a	Liver	Liver	104	Arasa	etákua	etákua	None
479	( - - ) p e - i	31	p e i	Leaf,To fan	To fan	None	Proto-Takana	pei	pei	None
480	( - - ) p e - i	31	p e i	Leaf,To fan	To fan	None	Cavinena	pei-	pei-	None
481	( e + ) p e x i	31	e + p e x i	Leaf,To fan	To fan	None	EseEjja	e-pexi	e-pexi	None
482	( - - ) p i - o	31	p i o	Leaf,To fan	To fan	None	Warayo	pio-	pio-	None
483	( - - - ) tʂ a ( - ) u	5	tʂ a u	Bone	Bone	93	Proto-Takana	tʂau	tʂau	None
484	( - e + ) tʂ a ( - ) u	5	e + ʈʂ a u	Bone	Bone	93	Tacanan	e-cau	e-cau	None
485	( - e + ) ts a ( - ) o	5	e + ts a o	Bone	Bone	93	Reyesano	e-cao	e-cao/etrá	None
486	( - e + ) tʂ a ( - ) o	5	e + ts a o	Bone	Bone	93	Cavinena	e-cao	e-cao	None
487	( - e + ) s !á/a ( - ) -	5	e + s !á/a	Bone	Bone	93	EseEjja	e-sá	e-sá	None
488	( - e + ) s !á/a ( - ) -	5	e + s !á/a	Bone	Bone	93	Warayo	e-sá	e-sá	None
489	( - - - ) - a n ( - ) a	43	a n a	Tongue	Tongue	46	Proto-Takana	ana	ana	None
490	( - j + ) - a n ( - ) a	43	j + a n a	Tongue	Tongue	46	Tacanan	y-ana	y-ana	None
491	( - j + ) - a n ( - ) a	43	j + a n a	Tongue	Tongue	46	Reyesano	y-ana	y-ana/eana	None
492	( - - e ) - a n ( - ) a	43	e a n a	Tongue	Tongue	46	Sapibokona	eana	eana	None
493	( - j + ) - a n ( - ) a	43	j + a n a	Tongue	Tongue	46	Cavinena	y-ana	y-ana	None
494	( e j - ) - a n ( - ) a	43	e j a n a	Tongue	Tongue	46	EseEjja	eyana	eyana	None
495	( - j + ) - a n ( - ) a	43	j + a n a	Tongue	Tongue	46	Warayo	y-ana	y-ana	None
496	( - j - ) - a n ( - ) a	43	j a n a	Tongue	Tongue	46	Tiatinawa	yana	yana	None
497	( e - - ) - !á/a n ( - ) a	43	e !á/a n a	Tongue	Tongue	46	Arasa	eána	eána	None
498	( - - ) m e ( - - - - - - )	27	m e	Hand	Hand	70	Proto-Takana	me-	me-	None
499	( e + ) m e ( - - - - - - )	27	e + m e	Hand	Hand	70	Tacanan	e-me	e-me	None
500	( e - ) m e ( - - tʃ u j a )	27	e m e tʃ u j a	Hand	Hand	70	Reyesano	emechuja	-/emechuja	None
501	( e - ) m e ( - - - - - - )	27	e m e	Hand	Hand	70	Sapibokona	eme	eme	None
502	( e - ) m e ( - - - - - - )	27	e m e	Hand	Hand	70	Araona	eme	eme	None
503	( e + ) m e ( - - - - - - )	27	e + m e	Hand	Hand	70	Cavinena	e-me	e-me	None
504	( e + ) m e ( - - - - - - )	27	e + m e	Hand	Hand	70	EseEjja	e-me	e-me	None
505	( e + ) m !é/e ( - - - - - - )	27	e + m !é/e	Hand	Hand	70	Warayo	e-mé	e-mé	None
506	( e - ) m !ã/a ( - - - - - - )	27	e m !ã/a	Hand	Hand	70	Arasa	emã	emã	None
507	( - - - ) m e t a ( - - - - - )	37	m e t a	Night	Night,tomorrow	71	Proto-Takana	meta	meta	None
508	( - - - ) m ue t a ( - - - - - )	37	m ue t a	Night	Night,tomorrow	71	Tacanan	mueta	mueta	None
509	( - - - ) m ai t a ( - - - - - )	37	m ai t a	Night	Night,tomorrow	71	Reyesano	maita	-/maita	None
510	( - - - ) m ae t a ( h e - - - )	37	m ae t a h e	Night	Night,tomorrow	71	Sapibokona	maetahe	maetahe	None
511	( - - - ) m e t a ( - - - - - )	37	m e t a	Night	Night,tomorrow	71	Cavinena	meta	meta	None
512	( - - - ) m e k a ( + w a x e )	37	m e k a + w a x e	Night	Night,tomorrow	71	EseEjja	meka-waxe	meka-waxe	None
513	( e - - ) m !é/e t e ( - - - - - )	37	e m !é/e t e	Night	Night,tomorrow	71	Arasa	eméte	eméte	None
514	( - - ) b i t i	39	b i t i	Skin	Skin	22	Proto-Takana	biti	biti	None
515	( e + ) b i t i	39	e + b i t i	Skin	Skin	22	Tacanan	e-biti	e-biti	None
516	( e + ) m.b i t i	39	e + m.b i t i	Skin	Skin	22	Reyesano	e-mbiti	e-mbiti/embiti	None
517	( e + ) b i t i	39	e + b i t i	Skin	Skin	22	Cavinena	e-biti	e-biti	None
518	( - - ) t i - - ( - - - )	22	t i	Fire	Fire	None	Proto-Takana	ti	ti	None
519	( e + ) t i - - ( + ɽ e )	22	e + t i + ɽ e	Fire	Fire	None	Tacanan	e-ti-ře	e-ti-ře	None
520	( - - ) t i - - ( - - - )	22	t i	Fire	Fire	None	Reyesano	-ti-	-ti-/-	None
521	( e - ) t e - - ( - s i )	22	e t e s i	Fire	Fire	None	Araona	etesi	etesi	None
522	( e + ) t i - - ( - k i )	22	e + t i k i	Fire	Fire	None	Cavinena	e-tiki	e-tiki	None
523	( - - - - - ) d a - ( - - - - - )	30	d a	Knee	Knee	37	Proto-Takana	da	da	None
524	( e + m a + ) d a - ( + kʷ a - - )	30	e + m a + d a + kʷ a	Knee	Knee	37	Tacanan	e-ma-da-cua	e-ma-da-cua	None
525	- a m i	4	a m i	Blood	Blood	48	Proto-Takana	ami	ami	None
526	- a m i	4	a m i	Blood	Blood	48	Tacanan	ami	ami	None
527	- a m i	4	a m i	Blood	Blood	48	Reyesano	ami	ami/ami	None
528	- a m i	4	a m i	Blood	Blood	48	Cavinena	ami	ami	None
529	( a ) tʂ u ( - - )	6	a tʂ u	Breast	Breast	None	Proto-Takana	aṭṣu	aṭṣu	None
530	b a d i ( - - )	40	b a d i	Moon, Sun	Moon	16	Proto-Takana	badi	badi	None
531	b a d i ( - - )	40	b a d i	Moon, Sun	Moon	16	Tacanan	badi	badi	None
532	m.b a n.dz i ( - - )	40	m.b a n.dz i	Moon, Sun	Moon	16	Reyesano	mbandzi	mbandzi/bansri	None
533	b a r i ( - - )	40	b a r i	Moon, Sun	Moon	16	Sapibokona	bari	bari	None
534	b a d i ( - - )	40	b a d i	Moon, Sun	Moon	16	Araona	badi	badi	None
535	b a d i ( - - )	40	b a d i	Moon, Sun	Moon	16	Cavinena	badi	badi	None
536	b a ʔ i ( - - )	40	b a ʔ i	Moon, Sun	Moon	16	EseEjja	baʔi	baʔi	None
537	m !á/a - i ( - - )	40	m !á/a i	Moon, Sun	Moon	16	Chama	mái	mái	None
538	m i ( - - - - - )	47	m i	You	You	72	Proto-Takana	mi	mi	None
539	m i ( + k e - - )	47	m i + k e	You	You	72	Tacanan	mi-ke	mi-ke	None
540	m i ( b - e - - )	47	m i b e	You	You	72	Reyesano	mibe	mibe/mive	None
541	m i ( t j a - - )	47	m i t j a	You	You	72	Araona	mitya	mitya	None
542	m i ( + kʷ a n a )	47	m i + kʷ a n a	You	You	72	Cavinena	mi-kwana	mi-kwana	None
543	m i ( + - a - - )	47	m i + a	You	You	72	EseEjja	mi-a	mi-a	None
544	m i ( - k i - a )	47	m i k i a	You	You	72	Arasa	mikia	mikia	None
545	b e	10	b e	Come	Come	24	Proto-Takana	be-	be-	'bring'
546	- e ( - - - )	28	e	I	I	11	Proto-Takana	e	e	None
547	- e ( + m a )	28	e + m a	I	I	11	Tacanan	e-ma	e-ma	None
548	- e ( + m e )	28	e + m e	I	I	11	Reyesano	e-me	e-me/éme	None
549	- e ( - m a )	28	e m a	I	I	11	Araona	ema	ema,yama	None
550	- e ( + r a )	28	e + r a	I	I	11	Cavinena	e-ra	e-ra	None
551	- e ( - - a )	28	e a	I	I	11	EseEjja	ea	ea,eyaya	None
552	( - - ) r a m i	23	r a m i	Flesh	Flesh	78	Proto-Takana	ɾami	ɾami	None
553	( - - ) j a m i	23	j a m i	Flesh	Flesh	78	Tacanan	yami	yami	None
554	( - - ) j a m i	23	j a m i	Flesh	Flesh	78	Reyesano	yami	yami/eami	None
555	( - - ) j a m i	23	j a m i	Flesh	Flesh	78	Araona	yami	yami	None
556	( e + ) r a m i	23	e + r a m i	Flesh	Flesh	78	Cavinena	e-rami	e-rami	None
557	( e - ) j a m i	23	e j a m i	Flesh	Flesh	78	EseEjja	eyami	eyami	None
558	( e - ) j a m i	23	e j a m i	Flesh	Flesh	78	Warayo	eyami	eyami	None
559	( !é/e - ) - a m i	23	!é/e a m i	Flesh	Flesh	78	Arasa	éami	éami	None
560	( - - ) tʂ e r i	20	tʂ e r i	Fat	Fat	99	Proto-Takana	ṭṣeri	ṭṣeri	None
561	( e + ) tʂ e - i	20	e + ʈʂ e i	Fat	Fat	99	Tacanan	e-cei	e-cei	None
562	( e + ) tʂ e r i	20	e + ts e r i	Fat	Fat	99	Cavinena	e-ceri	e-ceri	None
563	( e + ) s e - i	20	e + s e i	Fat	Fat	99	EseEjja	e-sei	e-sei	None
564	( !é/e - ) s e - !j/i	20	!é/e s e !j/i	Fat	Fat	99	Arasa	ésey	ésey	None
565	( - - ) m e - ( - ) t i ʃ i ( - - - - - )	21	m e t i ʃ i	Fingernail	Fingernail	None	Proto-Takana	metiji	metiji	None
566	( e + ) m e - ( - ) - - - - ( + h a tʂ a )	21	e + m e + h a ʈʂ a	Fingernail	Fingernail	None	Tacanan	e-me-haca	e-me-haca	None
567	( e - ) m e - ( - ) t i tʃ i ( - - - - - )	21	e m e t i tʃ i	Fingernail	Fingernail	None	Reyesano	emetichi	-/emechuja,emetichi	'fingers','nails'
568	( e + ) m e - ( + ) - - - - ( ʃ o r o - )	21	e + m e + ʃ o r o	Fingernail	Fingernail	None	Cavinena	e-me-šoro	e-me-šoro	'nail'
569	( e + ) m e - ( + ) k i ʃ e ( - - - - - )	21	e + m e + k i ʃ e	Fingernail	Fingernail	None	EseEjja	e-me-kiše	e-me-kiše	'nail'
570	( - - - - ) t a ( - - - - - - - )	24	t a	Foot,leg	Foot,leg	103	Proto-Takana	ta-	ta-	'leg'
571	( e + - - ) t a ( - - + b u tʂ e )	24	e + t a + b u ʈʂ e	Foot,leg	Foot,leg	103	Tacanan	e-ta-buce	e-ta-buce	'shin bone'
572	( - - i - ) tʰ a ( - - - - - - - )	24	i tʰ a	Foot,leg	Foot,leg	103	Mabenaro	itha	itha	None
573	( a w a + ) t a ( - - k a - - - )	24	a w a + t a k a	Foot,leg	Foot,leg	103	Cavinena	awa-taka	awa-taka	'tapir-foot (plant)'
574	( - - ) kʷ e ( - - - - - - - - )	32	kʷ e	Lip,edge	Lip,edge	59	Proto-Takana	kʷe-	kʷe(i)-	None
575	( e + ) k e ( + k e - - - - - )	32	e + k e + k e	Lip,edge	Lip,edge	59	Tacanan	e-ke-ke	e-ke-ke	None
576	( - - ) kʷ e ( - s a - - - - - )	32	kʷ e s a	Lip,edge	Lip,edge	59	Reyesano	kwesa	kwesa/euesa	'beard'/'beard'
577	( - - ) kʷ e ( - s a - - - - - )	32	kʷ e s a	Lip,edge	Lip,edge	59	Cavinena	kwesa	kwesa	'beard'
578	( e + ) kʷ e ( + ʃ a - - - - - )	32	e + kʷ e + ʃ a	Lip,edge	Lip,edge	59	EseEjja	e-kwe-ša	e-kwe-ša	'beard'
579	( - - - - ) t a m u	9	t a m u	Cheek	Cheek	105	Proto-Takana	tamu	tamu	None
580	( e b u + ) t a m u	9	e b u + t a m u	Cheek	Cheek	105	Reyesano	ebu-tamu	ebu-tamu/-	None
581	( - - - - ) t a m u	9	t a m u	Cheek	Cheek	105	Cavinena	-tamu	-tamu	None
582	( - - - - ) ʃ e m o	9	ʃ e m o	Cheek	Cheek	105	EseEjja	-shemo	-shemo	None
583	( - - ) kʷ a tʂ a ( - - )	35	kʷ a tʂ a	Mouth	Mouth	None	Proto-Takana	kʷatʂa	kʷatʂa	None
584	( e + ) kʷ a tʂ a ( - - )	35	e + kʷ a ʈʂ a	Mouth	Mouth	None	Tacanan	e-kwaca	e-kwaca	None
585	( e + ) kʷ a tʂ a ( - - )	35	e + kʷ a ts a	Mouth	Mouth	None	Reyesano	e-kwaca	e-kwaca/ekuatra	None
586	( e - ) kʷ a tʃ a ( - - )	35	e kʷ a tʃ a	Mouth	Mouth	None	Sapibokona	ecuacha	ecuacha	None
587	( i - ) kʷ a ts a ( - - )	35	i kʷ a ts a	Mouth	Mouth	None	Mabenaro	ikwatsa	ikwatsa	None
588	( e + ) kʷ a tʂ a ( - - )	35	e + kʷ a ts a	Mouth	Mouth	None	Cavinena	e-kwaca	e-kwaca	None
589	( e + ) kʷ a s a ( - - )	35	e + kʷ a s a	Mouth	Mouth	None	EseEjja	e-kwasa	e-kwasa	None
590	( e + ) kʷ a s a ( - - )	35	e + kʷ a s a	Mouth	Mouth	None	Warayo	e-kwasa	e-kwasa	None
591	( - - - - - - ) b a ( - ) tʂ u ( - - - - - )	19	b a tʂ u	Elbow	Elbow	None	Proto-Takana	-baṭṣu	-baṭṣu	None
592	( - - - - e + ) b a ( + ) tʂ u ( - - - - - )	19	e + b a + ʈʂ u	Elbow	Elbow	None	Tacanan	e-ba-cu	e-ba-cu	None
593	( - - - - e + ) m.b a ( + ) ts o ( - - - - - )	19	e + m.b a + ts o	Elbow	Elbow	None	Reyesano	e-mba-co	e-mba-co/-	None
594	( - - - - e + ) b a ( - ) ʃ o ( - - - - - )	19	e + b a ʃ o	Elbow	Elbow	None	EseEjja	e-bašo	e-bašo	None
595	( - - - - e + ) b a ( - ) ʃ o ( - - - - - )	19	e + b a ʃ o	Elbow	Elbow	None	Warayo	e-bašo	e-bašo	None
596	( - - - - - - ) w a ( - ) ts u ( - - - - - )	19	w a ts u	Elbow	Elbow	None	Tiatinawa	wacu	wacu	None
597	( - - - - e - ) b a ( - ) ʃ a ( - - - - - )	19	e b a ʃ a	Elbow	Elbow	None	Arasa	ebaša	ebaša	None
598	ʔ ɨ ( - - - )	1	ʔ ɨ	1st SG 'I'	1st SG 'I'	11	Proto-Pano-Takana	ʔɨ	ʔɨ	None
599	ʔ ɨ ( - - - )	1	ʔ ɨ	1st SG 'I'	1st SG 'I'	11	Proto-Pano	ʔɨ	ʔɨ	None
600	ʔ ɨ ( - - - )	1	ʔ ɨ	1st SG 'I'	1st SG 'I'	11	Kakataibo	ʔɨ	ʔɨ	None
601	ʔ ɨ ( - - - )	1	ʔ ɨ	1st SG 'I'	1st SG 'I'	11	ShipiboKonibo	ʔɨ	ʔɨ	None
602	ʔ ɨ ( - - - )	1	ʔ ɨ	1st SG 'I'	1st SG 'I'	11	Kapanawa	ʔɨ	ʔɨ	None
603	- ɨ ( - - - )	1	ɨ	1st SG 'I'	1st SG 'I'	11	Chacobo	ɨ	ɨ	None
604	- !ɨ̃/ɨ ( - - - )	1	!ɨ̃/ɨ	1st SG 'I'	1st SG 'I'	11	Yaminawa	ɨ̃	ɨ̃	None
605	m i ( - - - - - )	2	m i	2nd SG 'you'	2nd SG 'you'	72	Proto-Pano-Takana	mi	mi	None
606	m i ( - - - - - )	2	m i	2nd SG 'you'	2nd SG 'you'	72	Proto-Pano	mi	mi	None
607	m i ( - - i - - )	2	m i i	2nd SG 'you'	2nd SG 'you'	72	Kakataibo	mii	mii	None
608	m i ( - - a - - )	2	m i a	2nd SG 'you'	2nd SG 'you'	72	ShipiboKonibo	mia	mia	None
609	m i ( - - a - - )	2	m i a	2nd SG 'you'	2nd SG 'you'	72	Kapanawa	mia	mia	None
610	m i ( - - a - - )	2	m i a	2nd SG 'you'	2nd SG 'you'	72	Chacobo	mia	mia	object form
611	m !ĩ/i ( - - - - - )	2	m !ĩ/i	2nd SG 'you'	2nd SG 'you'	72	Yaminawa	mĩ	mĩ	None
612	ʔ u ( - - - - - )	11	ʔ u	DEMONSTRATIVE	DEMONSTRATIVE distal	14	Proto-Pano-Takana	ʔu-	ʔu-	None
613	ʔ o ( - - - - - )	11	ʔ o	DEMONSTRATIVE	DEMONSTRATIVE distal	14	Proto-Pano	ʔo-	ʔo-	None
614	- u ( - - - n - )	11	u n	DEMONSTRATIVE	DEMONSTRATIVE distal	14	Kakataibo	un_	un (A),ux (S),u (O)	None
615	- o ( - - a - - )	11	o a	DEMONSTRATIVE	DEMONSTRATIVE distal	14	ShipiboKonibo	oa	oa	None
616	- o ( - - a - - )	11	o a	DEMONSTRATIVE	DEMONSTRATIVE distal	14	Chacobo	oa	oa	None
617	- o ( - - a - - )	11	o a	DEMONSTRATIVE	DEMONSTRATIVE distal	14	Yaminawa	oa	oa	None
618	!N/r ɨ	13	!N/r ɨ	DEMONSTRATIVE proximate	DEMONSTRATIVE proximate	79	Proto-Pano-Takana	Nɨ-	Nɨ-	None
619	n ɨ	13	n ɨ	DEMONSTRATIVE proximate	DEMONSTRATIVE proximate	79	Proto-Pano	nɨ-	nɨ-	None
620	( ɨ ) n ɨ ( - n - - )	13	ɨ n ɨ n	DEMONSTRATIVE proximate	DEMONSTRATIVE proximate	79	Kakataibo	ɨnɨn_	ɨnɨn (A),ɨnɨx (S),ɨnɨ (O)	None
621	( - ) n ɨ ( - - - - )	13	n ɨ	DEMONSTRATIVE proximate	DEMONSTRATIVE proximate	79	ShipiboKonibo	nɨ-	nɨ-~nato	None
622	( - ) n o ( - a - - )	13	n o a	DEMONSTRATIVE proximate	DEMONSTRATIVE proximate	79	Chacobo	noa	noa,toa	None
623	( - ) n a ( - - - - )	13	n a	DEMONSTRATIVE proximate	DEMONSTRATIVE proximate	79	Yaminawa	na	na	None
624	gʷ ɨ ( + ) n ( - )	25	gʷ ɨ + n	GENITIVE	GENITIVE	44	Proto-Pano-Takana	-gʷɨ-n	-gʷi-n	None
625	w ɨ ( - ) !∼/n ( - )	25	w ɨ !∼/n	GENITIVE	GENITIVE	44	Proto-Pano	-wɨ̃	-wɨ̃	None
626	- - ( - ) n ( - )	25	n	GENITIVE	GENITIVE	44	Kakataibo	=n	=(a)n	None
627	- - ( - ) n ( - )	25	n	GENITIVE	GENITIVE	44	ShipiboKonibo	-n	-n	None
628	- - ( - ) n ( a )	25	n a	GENITIVE	GENITIVE	44	Yaminawa	-na	-na,-fɨna	None
629	gʷ ɨ	29	gʷ ɨ	IMPERATIVE	IMPERATIVE	43	Proto-Pano-Takana	-gʷɨ	-gʷɨ	None
630	w ɨ	29	w ɨ	IMPERATIVE	IMPERATIVE	43	Proto-Pano	-wɨ	-wɨ	None
631	- ɨ	29	ɨ	IMPERATIVE	IMPERATIVE	43	Kakataibo	-ɨ	-ɨ	None
632	w ɨ	29	w ɨ	IMPERATIVE	IMPERATIVE	43	ShipiboKonibo	-wɨ	-wɨ	None
633	w ɨ	29	w ɨ	IMPERATIVE	IMPERATIVE	43	Kapanawa	-wɨ	-wɨ	None
634	w ɨ	29	w ɨ	IMPERATIVE	IMPERATIVE	43	Marubo	-wɨ	-wɨ	None
635	w ɨ	29	w ɨ	IMPERATIVE	IMPERATIVE	43	Chacobo	-wɨ	-wɨ	None
636	w ɨ	29	w ɨ	IMPERATIVE	IMPERATIVE	43	Kaxarari	-wɨ	-wɨ	None
637	ɸ ɨ	29	ɸ ɨ	IMPERATIVE	IMPERATIVE	43	Yaminawa	-ɸɨ	-ɸɨ	None
638	w ɨ	29	w ɨ	IMPERATIVE	IMPERATIVE	43	Sharanawa	-wɨ	-wɨ	None
639	( - - ) b u t ɨ ( - - - )	26	b u t ɨ	GOING DOWN,DOWNWARD	GOING DOWN,DOWNWARD	None	Proto-Pano-Takana	-but[ɨ]	-but[ɨ]	None
640	( - - ) β u t - ( - - - )	26	β u t	GOING DOWN,DOWNWARD	GOING DOWN,DOWNWARD	None	Proto-Pano	-βut	-βut	For  pP  Girard  (1971:  163,  26)  proposes  *-bu  ‘down’,  while  we  consider  *-but  more  accurate  based  on Matses/Mayoruna -budand Kakataibo -but.
641	( - - ) b u t - ( - - - )	26	b u t	GOING DOWN,DOWNWARD	GOING DOWN,DOWNWARD	None	Kakataibo	-but	-but	None
642	( - - ) b ɨ ( - - - - )	17	b ɨ	DO COMING	DO COMING	None	Proto-Pano-Takana	-bɨ	-bɨ	None
643	( - - ) β ɨ ( - - - - )	17	β ɨ	DO COMING	DO COMING	None	Proto-Pano	-βɨ	-βɨ[...]	Guillaume 2017:254
644	( - - ) b ɨ ( ts - i n )	17	b ɨ ts i n	DO COMING	DO COMING	None	Kakataibo	-bɨtsin	-bɨtsin	None
645	( - - ) b ɨ ( i r a n )	17	b ɨ i r a n	DO COMING	DO COMING	None	ShipiboKonibo	-bɨiran	-bɨiran	None
646	( - - ) b ɨ ( n - a - )	17	b ɨ n a	DO COMING	DO COMING	None	Chacobo	-bɨna	-bɨna	None
647	( - - ) ɸ ɨ ( - r a n )	17	ɸ ɨ r a n	DO COMING	DO COMING	None	Yaminawa	-ɸɨran	-ɸɨran	None
648	k a ts a ( - - - - )	14	k a ts a	DESIDERATIVE	DESIDERATIVE	53	Proto-Pano-Takana	-katsa	-katsa	None
649	k a ts a ( - - - - )	14	k a ts a	DESIDERATIVE	DESIDERATIVE	53	Proto-Pano	-katsa	-katsa	None
650	k a s - ( - - - - )	14	k a s	DESIDERATIVE	DESIDERATIVE	53	Kakataibo	-kas	-kas,-katsi	None
651	k a s - ( - - - - )	14	k a s	DESIDERATIVE	DESIDERATIVE	53	ShipiboKonibo	-kas	-kas	None
652	k a ts i ( ʔ - - - )	14	k a ts i ʔ	DESIDERATIVE	DESIDERATIVE	53	Kapanawa	-katsiʔ-	-katsiʔ-,-katsiʔki-	None
653	k a ts i ( - - - - )	14	k a ts i	DESIDERATIVE	DESIDERATIVE	53	Marubo	-katsi	-katsi	None
654	k a s - ( - - - - )	14	k a s	DESIDERATIVE	DESIDERATIVE	53	Chacobo	-kas-	-kas-	None
655	k a ts a ( - - - - )	14	k a ts a	DESIDERATIVE	DESIDERATIVE	53	Kaxarari	-katsa	-katsa	None
656	k a s - ( - m a - )	14	k a s m a	DESIDERATIVE	DESIDERATIVE	53	Yaminawa	kasma	kasma,kaspa,katsa	'not to want','desiderative negative','to have'
657	k a s - ( + m a i )	14	k a s + m a i	DESIDERATIVE	DESIDERATIVE	53	Sharanawa	-kas-mai	-kas-mai	'not to want'
658	( - - ) m a ( - )	36	m a	NEGATIVE	NEGATIVE	61	Proto-Pano-Takana	-ma	-(...a)ma	None
659	( j a ) m a ( - )	36	j a m a	NEGATIVE	NEGATIVE	61	Proto-Pano	-yama	-[ya]ma	verbal
660	( - - ) m a ( - )	36	m a	NEGATIVE	NEGATIVE	61	Kakataibo	-ma	-ma	None
661	( j a ) m a ( - )	36	j a m a	NEGATIVE	NEGATIVE	61	ShipiboKonibo	-yama	-yama	None
662	( j a ) m a ( - )	36	j a m a	NEGATIVE	NEGATIVE	61	Kapanawa	yama	yama	None
663	( - - ) m a ( - )	36	m a	NEGATIVE	NEGATIVE	61	Marubo	-ma	-ma,-ama	None
664	( j a ) m a ( - )	36	j a m a	NEGATIVE	NEGATIVE	61	Chacobo	-yama	-yama	None
665	( - - ) m a ( - )	36	m a	NEGATIVE	NEGATIVE	61	Kaxarari	-ma	-ma,maʔa	None
666	( - - ) m a ( a )	36	m a a	NEGATIVE	NEGATIVE	61	Yaminawa	maa	maa,ma,yama	'not','negative','negative prohibitive'
667	( - - ) m a ( - )	36	m a	NEGATIVE	NEGATIVE	61	Sharanawa	-ma	-ma,-yama	'no','imperative,negative,prohibitive'
668	m a ( - - )	7	m a	CAUSATIVE	CAUSATIVE	None	Proto-Pano-Takana	-m[a/e]	-m[a/e]	None
669	m a ( - - )	7	m a	CAUSATIVE	CAUSATIVE	None	Proto-Pano	-m[a]	-m[a]	None
670	m i ( - - )	7	m i	CAUSATIVE	CAUSATIVE	None	Kakataibo	-mi-	-mi-	None
671	m a ( - - )	7	m a	CAUSATIVE	CAUSATIVE	None	ShipiboKonibo	-ma-	-ma-	None
672	m a ( - - )	7	m a	CAUSATIVE	CAUSATIVE	None	Kapanawa	-ma-	-ma-	None
673	m a ( - - )	7	m a	CAUSATIVE	CAUSATIVE	None	Marubo	-ma	-ma	None
674	m a ( - - )	7	m a	CAUSATIVE	CAUSATIVE	None	Chacobo	-ma	-ma	None
675	m a ( - - )	7	m a	CAUSATIVE	CAUSATIVE	None	Yaminawa	-ma	-ma	None
676	m a ( - - )	7	m a	CAUSATIVE	CAUSATIVE	None	Sharanawa	-ma-	-ma-	None
677	( - - - ) p a ( - )	3	p a	AUGMENTATIVE	AUGMENTATIVE	81	Proto-Pano-Takana	-pa	-pa	None
678	( - - - ) p a ( - )	3	p a	AUGMENTATIVE	AUGMENTATIVE	81	Proto-Pano	pa	pa	None
679	( n + e ) w !á/a ( - )	3	n + e w !á/a	AUGMENTATIVE	AUGMENTATIVE	81	ShipiboKonibo	-n_ewá	-n ewá	None
680	( a h - ) w a ( n )	3	a h w a n	AUGMENTATIVE	AUGMENTATIVE	81	Kapanawa	-ahhuan	-ahhuan	None
681	( - - - ) w a ( - )	3	w a	AUGMENTATIVE	AUGMENTATIVE	81	Chacobo	-wa	-wa	None
682	( n - - ) f !ã/a ( - )	3	n f !ã/a	AUGMENTATIVE	AUGMENTATIVE	81	Yaminawa	-nfã	-nfã	None
683	ʔ a ( - ) k ( - )	16	ʔ a k	DO (TR.),AUXILIARY (TR.)	DO (TR.),AUXILIARY (TR.)	1	Proto-Pano-Takana	ʔak-	ʔak-	None
684	ʔ a ( - ) k ( - )	16	ʔ a k	DO (TR.),AUXILIARY (TR.)	DO (TR.),AUXILIARY (TR.)	1	Proto-Pano	ʔak-	ʔak-	None
685	ʔ a ( - ) - ( - )	16	ʔ a	DO (TR.),AUXILIARY (TR.)	DO (TR.),AUXILIARY (TR.)	1	Kakataibo	ʔa-	ʔa-	None
686	ʔ a ( - ) - ( - )	16	ʔ a	DO (TR.),AUXILIARY (TR.)	DO (TR.),AUXILIARY (TR.)	1	ShipiboKonibo	ʔa-	ʔa-	None
687	ʔ a ( - ) - ( - )	16	ʔ a	DO (TR.),AUXILIARY (TR.)	DO (TR.),AUXILIARY (TR.)	1	Kapanawa	ʔa-	ʔa-	None
688	- a ( - ) - ( - )	16	a	DO (TR.),AUXILIARY (TR.)	DO (TR.),AUXILIARY (TR.)	1	Marubo	a	a	None
689	ʔ a ( - ) - ( - )	16	ʔ a	DO (TR.),AUXILIARY (TR.)	DO (TR.),AUXILIARY (TR.)	1	Chacobo	ʔa-	ʔa-	None
690	- a ( - ) - ( - )	16	a	DO (TR.),AUXILIARY (TR.)	DO (TR.),AUXILIARY (TR.)	1	Kaxarari	a-	a-	None
691	- a ( - ) k ( - )	16	a k	DO (TR.),AUXILIARY (TR.)	DO (TR.),AUXILIARY (TR.)	1	Yaminawa	ak-	ak-	None
692	- a ( - ) - ( - )	16	a	DO (TR.),AUXILIARY (TR.)	DO (TR.),AUXILIARY (TR.)	1	Chaninawa	a-	a-	None
693	- a ( - ) - ( - )	16	a	DO (TR.),AUXILIARY (TR.)	DO (TR.),AUXILIARY (TR.)	1	Sharanawa	a-	a-	None
694	w a	41	w a	TRANSITIVIZER	TRANSITIVIZER	1	Proto-Pano-Takana	-wa	-[w]a	None
695	w a	41	w a	TRANSITIVIZER	TRANSITIVIZER	1	Proto-Pano	-wa	-wa	None
696	- ɔ	41	ɔ	TRANSITIVIZER	TRANSITIVIZER	1	Kakataibo	-ɔ	-ɔ	None
697	w a	41	w a	TRANSITIVIZER	TRANSITIVIZER	1	Chacobo	-wa	-wa	None
698	t i	15	t i	DETRANSITIVIZER,REFLEXIVE	DETRANSITIVIZER,REFLEXIVE	None	Proto-Pano-Takana	-ti	-t[i]	None
699	t -	15	t	DETRANSITIVIZER,REFLEXIVE	DETRANSITIVIZER,REFLEXIVE	None	Proto-Pano	-t	-t	None
700	t -	15	t	DETRANSITIVIZER,REFLEXIVE	DETRANSITIVIZER,REFLEXIVE	None	Kakataibo	-t	-t	None
701	t -	15	t	DETRANSITIVIZER,REFLEXIVE	DETRANSITIVIZER,REFLEXIVE	None	ShipiboKonibo	-t	-t	None
702	!N/r ![a]/a	18	!N/r ![a]/a	ERGATIVE	ERGATIVE	None	Proto-Pano-Takana	-N[a]	-N[a]	None
703	n -	18	n	ERGATIVE	ERGATIVE	None	Proto-Pano	-n	-n	None
704	n -	18	n	ERGATIVE	ERGATIVE	None	Kakataibo	=n	=(a)n	None
705	n -	18	n	ERGATIVE	ERGATIVE	None	ShipiboKonibo	=n	=n	None
706	n -	18	n	ERGATIVE	ERGATIVE	None	Kapanawa	-n	-n	None
707	( - ) ʂ u ( - - )	38	ʂ u	PREVIOUS EVENT, SAME-SUBJECT	PREVIOUS EVENT, SAME-SUBJECT	None	Proto-Pano-Takana	-ṣu	-ṣu	None
708	( - ) ʂ o ( + n )	38	ʂ o + n	PREVIOUS EVENT, SAME-SUBJECT	PREVIOUS EVENT, SAME-SUBJECT	None	Proto-Pano	-ʂo-n	-ʂo-n	None
709	( - ) ʂ u ( - n )	38	ʂ u n	PREVIOUS EVENT, SAME-SUBJECT	PREVIOUS EVENT, SAME-SUBJECT	None	Kakataibo	-ʂun	-ʂun	None
710	( - ) ʂ o ( - n )	38	ʂ o n	PREVIOUS EVENT, SAME-SUBJECT	PREVIOUS EVENT, SAME-SUBJECT	None	ShipiboKonibo	-ʂon	-ʂon	None
711	( - ) ʂ o ( - - )	38	ʂ o	PREVIOUS EVENT, SAME-SUBJECT	PREVIOUS EVENT, SAME-SUBJECT	None	Chacobo	-ʂo	-ʂo	None
712	( - ) ʂ u ( - - )	38	ʂ u	PREVIOUS EVENT, SAME-SUBJECT	PREVIOUS EVENT, SAME-SUBJECT	None	Kaxarari	-ʂu	-ʂu	None
713	b ɨ t a	8	b ɨ t a	COMITATIVE,ALONG WITH	COMITATIVE,ALONG WITH	24	Proto-Pano-Takana	bɨta	bɨta	None
714	β ɨ t a	8	β ɨ t a	COMITATIVE,ALONG WITH	COMITATIVE,ALONG WITH	24	Proto-Pano	βɨta	βɨta	None
715	b ɨ - -	8	b ɨ	COMITATIVE,ALONG WITH	COMITATIVE,ALONG WITH	24	Kakataibo	-bɨ	-bɨ~-bɨtan	None
716	b ɨ - -	8	b ɨ	COMITATIVE,ALONG WITH	COMITATIVE,ALONG WITH	24	ShipiboKonibo	-bɨ	-bɨ	None
717	b ɨ t a	8	b ɨ t a	COMITATIVE,ALONG WITH	COMITATIVE,ALONG WITH	24	Chacobo	-bɨta	-bɨta	None
718	f ɨ t !ã/a	8	f ɨ t !ã/a	COMITATIVE,ALONG WITH	COMITATIVE,ALONG WITH	24	Yaminawa	-fɨtã	-fɨtã	None
719	- ɨ ( - - - )	1	ɨ	1st SG 'I'	1st SG 'I'	11	Amawaka	ɨ	ɨ	None
720	- ɨ ( - - - )	1	ɨ	1st SG 'I'	1st SG 'I'	11	Kaxinawa	ɨ	ɨ	None
721	- ɨ ( - - - )	1	ɨ	1st SG 'I'	1st SG 'I'	11	Marinawa	ɨ	ɨ	None
722	m i ( j - a - - )	2	m i j a	2nd SG 'you'	2nd SG 'you'	72	Amawaka	miya	miya	None
723	m i ( - - a - - )	2	m i a	2nd SG 'you'	2nd SG 'you'	72	Kaxinawa	mia	mia	None
724	m i ( - - a - - )	2	m i a	2nd SG 'you'	2nd SG 'you'	72	Marinawa	mia	mia	None
725	m i ( - - - - - )	2	m i	2nd SG 'you'	2nd SG 'you'	72	Korubo	mi	mi	None
726	m i ( - - - - - )	2	m i	2nd SG 'you'	2nd SG 'you'	72	Matis	mi_	mi (minbi,mibi,min)	None
727	m i ( - - - - - )	2	m i	2nd SG 'you'	2nd SG 'you'	72	Matses	mi_	mi (minbi,mibi,min)	None
728	- u ( - - - i d )	11	u i d	DEMONSTRATIVE	DEMONSTRATIVE distal	14	Matses	uid	uid	None
729	( - ) n ɨ ( - i d - )	13	n ɨ i d	DEMONSTRATIVE proximate	DEMONSTRATIVE proximate	79	Matses	nɨid	nɨid	None
730	w ɨ	29	w ɨ	IMPERATIVE	IMPERATIVE	43	Shanenawa	-wɨ	-wɨ	None
731	w ɨ	29	w ɨ	IMPERATIVE	IMPERATIVE	43	Katukina	wɨ	wɨ	None
732	w ɨ	29	w ɨ	IMPERATIVE	IMPERATIVE	43	Kaxinawa	-wɨ	-wɨ	None
733	w ɨ	29	w ɨ	IMPERATIVE	IMPERATIVE	43	Marinawa	-wɨ	-wɨ	None
734	w ɨ	29	w ɨ	IMPERATIVE	IMPERATIVE	43	Yawanawa	-wɨ	-wɨ	None
735	( - - ) b u d - ( - - - )	26	b u d	GOING DOWN,DOWNWARD	GOING DOWN,DOWNWARD	None	Matses	-bud	-bud	None
736	( - - ) b ɨ ( r a n - )	17	b ɨ r a n	DO COMING	DO COMING	None	Amawaka	-vɨran	-vɨran	None
737	( - - ) b ɨ ( ts - e n )	17	b ɨ ts e n	DO COMING	DO COMING	None	Matses	-bɨtsen	-bɨtsen	None
738	k a ts i ( - - - - )	14	k a ts i	DESIDERATIVE	DESIDERATIVE	53	Amawaka	-katsi	-katsi	None
739	k a s - ( - - - - )	14	k a s	DESIDERATIVE	DESIDERATIVE	53	Matses	-kas-	-kas-,katsi	None
740	( - - ) m a ( - )	36	m a	NEGATIVE	NEGATIVE	61	Shanenawa	-ma	-ma,-yama,	'negación general','negación de imperativo
741	( j a ) m a ( - )	36	j a m a	NEGATIVE	NEGATIVE	61	Katukina	yama	yama,ma	'no tener,negativo','no'
742	( - - ) b a ( - )	36	b a	NEGATIVE	NEGATIVE	61	Poyanawa	ba	ba	'asertivo negativo'
743	( j a ) m a ( - )	36	j a m a	NEGATIVE	NEGATIVE	61	Amawaka	-yama	-yama	None
744	( - - ) m a ( - )	36	m a	NEGATIVE	NEGATIVE	61	Kaxinawa	-ma	-ma,-yama	None
745	( - - ) m a ( - )	36	m a	NEGATIVE	NEGATIVE	61	Marinawa	-ma	-ma	None
746	( - - ) m a ( - )	36	m a	NEGATIVE	NEGATIVE	61	Yawanawa	-ma	-ma	'negación'
747	( - - ) m a ( - )	36	m a	NEGATIVE	NEGATIVE	61	Korubo	-ma	-ma	'negación pasado'
748	( - a ) m a ( - )	36	a m a	NEGATIVE	NEGATIVE	61	Matis	-ama	-ama	'negación pasado'
749	m a ( - - )	7	m a	CAUSATIVE	CAUSATIVE	None	Shanenawa	-ma	-ma	None
750	m a ( - - )	7	m a	CAUSATIVE	CAUSATIVE	None	Amawaka	-ma-	-ma-	None
751	m a ( - - )	7	m a	CAUSATIVE	CAUSATIVE	None	Kaxinawa	-ma-	-ma-	None
752	m a ( - - )	7	m a	CAUSATIVE	CAUSATIVE	None	Marinawa	-ma	-ma	None
753	m a ( - - )	7	m a	CAUSATIVE	CAUSATIVE	None	Yawanawa	-ma-	-ma-	None
754	m e ( - - )	7	m e	CAUSATIVE	CAUSATIVE	None	Korubo	-me	-me	None
755	m e ( - - )	7	m e	CAUSATIVE	CAUSATIVE	None	Matis	-me	-me	None
756	m e ( - - )	7	m e	CAUSATIVE	CAUSATIVE	None	Matses	-me	-me	None
757	( - - - ) p a ( - )	3	p a	AUGMENTATIVE	AUGMENTATIVE	81	Matses	-pa	-pa	None
758	ʔ a ( - ) - ( - )	16	ʔ a	DO (TR.),AUXILIARY (TR.)	DO (TR.),AUXILIARY (TR.)	1	Amawaka	ʔa-	ʔa-	None
759	- a ( - ) - ( - )	16	a	DO (TR.),AUXILIARY (TR.)	DO (TR.),AUXILIARY (TR.)	1	Kaxinawa	a-	a-	None
760	- a ( - ) - ( - )	16	a	DO (TR.),AUXILIARY (TR.)	DO (TR.),AUXILIARY (TR.)	1	Marinawa	a-	a-	None
761	- a ( - ) k ( - )	16	a k	DO (TR.),AUXILIARY (TR.)	DO (TR.),AUXILIARY (TR.)	1	Korubo	ak-	ak-	None
762	- a ( - ) k ( - )	16	a k	DO (TR.),AUXILIARY (TR.)	DO (TR.),AUXILIARY (TR.)	1	Matis	ak-	ak-	None
763	- a ( - ) k ( - )	16	a k	DO (TR.),AUXILIARY (TR.)	DO (TR.),AUXILIARY (TR.)	1	Matses	ak-	ak-	None
764	w a	41	w a	TRANSITIVIZER	TRANSITIVIZER	1	Kaxinawa	wa-	wa-,-wa	None
765	n -	18	n	ERGATIVE	ERGATIVE	None	Matses	-n	-n	None
766	( - ) ts o ( - n )	38	ts o n	PREVIOUS EVENT, SAME-SUBJECT	PREVIOUS EVENT, SAME-SUBJECT	None	Amawaka	=çon	=çon	None
767	( - ) ʂ u ( - n )	38	ʂ u n	PREVIOUS EVENT, SAME-SUBJECT	PREVIOUS EVENT, SAME-SUBJECT	None	Kaxinawa	=ʂun	=ʂun	None
768	( - ) ʂ u ( - n )	38	ʂ u n	PREVIOUS EVENT, SAME-SUBJECT	PREVIOUS EVENT, SAME-SUBJECT	None	Matis	=ʂun	=ʂun	None
769	( - ) ʂ u ( - n )	38	ʂ u n	PREVIOUS EVENT, SAME-SUBJECT	PREVIOUS EVENT, SAME-SUBJECT	None	Matses	=ʂun	=ʂun	None
770	w ɨ - -	8	w ɨ	COMITATIVE,ALONG WITH	COMITATIVE,ALONG WITH	24	Amawaka	-wɨ	-wɨ,-wɨtã	None
771	b ɨ - -	8	b ɨ	COMITATIVE,ALONG WITH	COMITATIVE,ALONG WITH	24	Kaxinawa	-bɨ	-bɨ,-bɨtã	None
772	f ɨ t a	8	f ɨ t a	COMITATIVE,ALONG WITH	COMITATIVE,ALONG WITH	24	Marinawa	-fɨta	-fɨta,fɨtã	None
773	b i d -	8	b i d	COMITATIVE,ALONG WITH	COMITATIVE,ALONG WITH	24	Matses	-bid_	-bid (S),-bɨta (O),-bɨtan (A)	None
774	- e ( - - - )	1	e	1st SG 'I'	1st SG 'I'	11	Proto-Takana	e	e	None
775	- e ( + m a )	1	e + m a	1st SG 'I'	1st SG 'I'	11	Tacanan	e-ma	e-ma	None
776	- e ( + m e )	1	e + m e	1st SG 'I'	1st SG 'I'	11	Reyesano	e-me	e-me/éme	None
777	- e ( - m a )	1	e m a	1st SG 'I'	1st SG 'I'	11	Araona	ema	ema,yama	None
778	- e ( + r a )	1	e + r a	1st SG 'I'	1st SG 'I'	11	Cavinena	e-ra	e-ra	None
779	- e ( - - a )	1	e a	1st SG 'I'	1st SG 'I'	11	EseEjja	ea	ea,eyaya	None
780	m i ( - - - - - )	2	m i	2nd SG 'you'	2nd SG 'you'	72	Proto-Takana	mi	mi	Girard additionally lists -mikia for Arasa.
781	m i ( + k e - - )	2	m i + k e	2nd SG 'you'	2nd SG 'you'	72	Tacanan	mi-ke	mi-ke	None
782	m i ( b - e - - )	2	m i b e	2nd SG 'you'	2nd SG 'you'	72	Reyesano	mibe	mibe/mive	None
783	m i ( t j a - - )	2	m i t j a	2nd SG 'you'	2nd SG 'you'	72	Araona	mitya	mitya	None
784	m i ( + kʷ a n a )	2	m i + kʷ a n a	2nd SG 'you'	2nd SG 'you'	72	Cavinena	mi-kwana	mi-kwana	None
785	m i ( + - a - - )	2	m i + a	2nd SG 'you'	2nd SG 'you'	72	EseEjja	mi-a	mi-a	None
786	- u ( - - - - - )	11	u	DEMONSTRATIVE	DEMONSTRATIVE 'this' 'he'	14	Proto-Takana	u-	u-	None
787	- u ( + h a - - )	11	u + h a	DEMONSTRATIVE	DEMONSTRATIVE 'this' 'he'	14	Tacanan	u-ha	u-ha	None
788	- o ( + h o - - )	11	o + h o	DEMONSTRATIVE	DEMONSTRATIVE 'this' 'he'	14	Cavinena	o-ho	o-ho	None
789	- o ( + h a j a )	11	o + h a j a	DEMONSTRATIVE	DEMONSTRATIVE 'this' 'he'	14	EseEjja	o-haya	o-haya	None
790	( - ) r e ( e - - - )	13	r e e	DEMONSTRATIVE proximate	DEMONSTRATIVE proximate	79	Proto-Takana	ree-	ree-	None
791	( - ) j e ( - - - - )	13	j e	DEMONSTRATIVE proximate	DEMONSTRATIVE proximate	79	Tacanan	ye	ye	None
792	( - ) r e ( e k e - )	13	r e e k e	DEMONSTRATIVE proximate	DEMONSTRATIVE proximate	79	Cavinena	reeke	reeke	None
793	( - ) h i ( - k i o )	13	h i k i o	DEMONSTRATIVE proximate	DEMONSTRATIVE proximate	79	EseEjja	hikio	hikio	None
794	kʷ e ( - ) - ( - )	25	kʷ e	GENITIVE	GENITIVE	44	Proto-Takana	-kʷe	-kʷe	Girard additionally lists -kwe for Warayo.
795	k e ( - ) - ( - )	25	k e	GENITIVE	GENITIVE	44	Tacanan	-ke	-ke	None
796	k i ( - ) - ( - )	25	k i	GENITIVE	GENITIVE	44	Reyesano	ki-	ki-/-	'possessive prefix'
797	kʷ e ( - ) - ( - )	25	kʷ e	GENITIVE	GENITIVE	44	Cavinena	-kwe	-kwe	None
798	kʷ e ( - ) - ( - )	25	kʷ e	GENITIVE	GENITIVE	44	EseEjja	-kwe	-kwe	None
799	kʷ e	29	kʷ e	IMPERATIVE	IMPERATIVE	43	Proto-Takana	-kʷe	-kʷe	Girard additionally lists -he for Warisa.
800	k e	29	k e	IMPERATIVE	IMPERATIVE	43	Tacanan	-ke	-ke	None
801	kʷ e	29	kʷ e	IMPERATIVE	IMPERATIVE	43	Cavinena	-kwe	-kwe	None
802	( - - ) b u t e ( - - - )	26	b u t e	GOING DOWN,DOWNWARD	GOING DOWN,DOWNWARD	None	Proto-Takana	-bu[te]	-bu,-bute	For first form, Girard additionally lists -anibuteni for Warisa. For second form, see footnote 67.
803	( e + ) b u t e ( + h i )	26	e + b u t e + h i	GOING DOWN,DOWNWARD	GOING DOWN,DOWNWARD	None	Tacanan	e-bute-hi	e-bute-hi,-ute	None
804	( - - ) b u t e ( - - - )	26	b u t e	GOING DOWN,DOWNWARD	GOING DOWN,DOWNWARD	None	Reyesano	bute	-/animabotia,-bute/-	None
805	( - - ) b o t e ( - - - )	26	b o t e	GOING DOWN,DOWNWARD	GOING DOWN,DOWNWARD	None	Araona	-bote	-bote	None
806	( e + ) b o t e ( - - - )	26	e + b o t e	GOING DOWN,DOWNWARD	GOING DOWN,DOWNWARD	None	Cavinena	e-bote	e-bote,-bute/-butya	None
807	( - - ) ʔ o k e ( - - - )	26	ʔ o k e	GOING DOWN,DOWNWARD	GOING DOWN,DOWNWARD	None	EseEjja	'oke	'oke/-'okya	None
808	( - - ) b e ( - - - - )	17	b e	DO COMING	DO COMING	None	Proto-Takana	-be	-be	Guillaume 2017:233
809	( - - ) b e ( - - - - )	17	b e	DO COMING	DO COMING	None	Tacanan	-be	-be	None
810	( - - ) b e ( b - e - )	17	b e b e	DO COMING	DO COMING	None	Reyesano	-bebe	-bebe/-	None
811	( - - ) b e ( - - - - )	17	b e	DO COMING	DO COMING	None	Cavinena	-be	-be	None
812	( j e ) b e ( - - - - )	17	j e b e	DO COMING	DO COMING	None	EseEjja	-jebe	-jebe	None
813	k a ts a ( - - - - )	14	k a ts a	DESIDERATIVE	DESIDERATIVE	53	Proto-Takana	-katsa	-katsa	None
814	- - ts a ( - - - - )	14	ts a	DESIDERATIVE	DESIDERATIVE	53	Tacanan	-tsa	-tsa	None
815	h a - e ( - - - - )	14	h a e	DESIDERATIVE	DESIDERATIVE	53	Araona	-hae	-hae	None
816	k a r a ( - - - - )	14	k a r a	DESIDERATIVE	DESIDERATIVE	53	Cavinena	-kara	-kara	None
817	- - s a ( - - - - )	14	s a	DESIDERATIVE	DESIDERATIVE	53	EseEjja	-sa	-sa	None
818	( - - ) m a ( - )	36	m a	NEGATIVE	NEGATIVE	61	Proto-Takana	-ma	-(a)ma	verbal and nominal
819	( - - ) m a ( - )	36	m a	NEGATIVE	NEGATIVE	61	Tacanan	-ma	-(a)ma	None
820	( - - ) m a ( - )	36	m a	NEGATIVE	NEGATIVE	61	Cavinena	-ma	-(a)ma	None
821	( - - ) m a ( - )	36	m a	NEGATIVE	NEGATIVE	61	EseEjja	-ma	-(a)ma	None
822	m e ( r e )	7	m e r e	CAUSATIVE	CAUSATIVE	None	Proto-Takana	-me[re]	-me[re]	Girard reconstructs *-me[re] based on Tacana –meand Cavineña –mere. To this we can now add Ese’ Ejja -mee and Araona -me.
823	m e ( - - )	7	m e	CAUSATIVE	CAUSATIVE	None	Tacanan	-me	-me	None
824	m e ( - - )	7	m e	CAUSATIVE	CAUSATIVE	None	Araona	-me	-me	None
825	m e ( r e )	7	m e r e	CAUSATIVE	CAUSATIVE	None	Cavinena	-mere	-mere	None
826	m e ( - e )	7	m e e	CAUSATIVE	CAUSATIVE	None	EseEjja	-mee	-mee	None
827	( - - - ) p a ( - )	3	p a	AUGMENTATIVE	AUGMENTATIVE	81	Proto-Takana	-pa	-pa	None
828	( - - - ) p a ( - )	3	p a	AUGMENTATIVE	AUGMENTATIVE	81	Tacanan	-pa	-pa	None
829	( - - - ) p a ( - )	3	p a	AUGMENTATIVE	AUGMENTATIVE	81	Cavinena	-pa	-pa	None
830	- a ( - ) - ( - )	16	a	DO (TR.),AUXILIARY (TR.)	DO (TR.),AUXILIARY (TR.)	1	Proto-Takana	a-	a-	Girard additionally lists age for Warisa.
831	- a ( - ) - ( - )	16	a	DO (TR.),AUXILIARY (TR.)	DO (TR.),AUXILIARY (TR.)	1	Tacanan	a-	a-	None
832	- a ( - ) - ( - )	16	a	DO (TR.),AUXILIARY (TR.)	DO (TR.),AUXILIARY (TR.)	1	Cavinena	a-	a-	None
833	- a ( + ) k ( a )	16	a + k a	DO (TR.),AUXILIARY (TR.)	DO (TR.),AUXILIARY (TR.)	1	EseEjja	a-ka-	a-ka-	None
834	- a	41	a	TRANSITIVIZER	TRANSITIVIZER	1	Proto-Takana	-a	-a	Girard additionally lists -a(-) for the Warayo.
835	- a	41	a	TRANSITIVIZER	TRANSITIVIZER	1	Tacanan	-a	-a(-)	None
836	- a	41	a	TRANSITIVIZER	TRANSITIVIZER	1	Reyesano	-a	-a(-)/-	None
837	- a	41	a	TRANSITIVIZER	TRANSITIVIZER	1	Cavinena	-a	-a(-)	None
838	- a	41	a	TRANSITIVIZER	TRANSITIVIZER	1	EseEjja	-a	-a(-)	None
839	t i	15	t i	DETRANSITIVIZER,REFLEXIVE	DETRANSITIVIZER,REFLEXIVE	None	Proto-Takana	-ti	-ti	None
840	t i	15	t i	DETRANSITIVIZER,REFLEXIVE	DETRANSITIVIZER,REFLEXIVE	None	Tacanan	-ti	-ti	None
841	t i	15	t i	DETRANSITIVIZER,REFLEXIVE	DETRANSITIVIZER,REFLEXIVE	None	Cavinena	-ti	-ti	None
842	k i	15	k i	DETRANSITIVIZER,REFLEXIVE	DETRANSITIVIZER,REFLEXIVE	None	EseEjja	-ki	-ki	None
843	r a	18	r a	ERGATIVE	ERGATIVE	None	Proto-Takana	-ra	-ra	Girard additionally lists -a for Warayo.
844	- a	18	a	ERGATIVE	ERGATIVE	None	Tacanan	-a	-a	None
845	r a	18	r a	ERGATIVE	ERGATIVE	None	Cavinena	-ra	-ra	None
846	- a	18	a	ERGATIVE	ERGATIVE	None	EseEjja	-a	-(y)a	None
847	( - ) tʂ u ( - - )	38	tʂ u	PREVIOUS EVENT, SAME-SUBJECT	PREVIOUS EVENT, SAME-SUBJECT	None	Proto-Takana	-ṭṣu	-ṭṣu	None
848	( - ) s u ( - - )	38	s u	PREVIOUS EVENT, SAME-SUBJECT	PREVIOUS EVENT, SAME-SUBJECT	None	Tacanan	-su	-su	None
849	( - ) ts o ( - - )	38	ts o	PREVIOUS EVENT, SAME-SUBJECT	PREVIOUS EVENT, SAME-SUBJECT	None	Araona	-tso	-tso	None
850	( a ) ts u ( - - )	38	a ts u	PREVIOUS EVENT, SAME-SUBJECT	PREVIOUS EVENT, SAME-SUBJECT	None	Cavinena	-atsu	-atsu~-tsu	None
851	b e t a	8	b e t a	COMITATIVE,ALONG WITH	COMITATIVE,ALONG WITH TWO	24	Proto-Takana	beta	beta	Girard additionally lists beta, beabué and béka for Sapibokona, Warayo and Chama respectively.
852	b e t a	8	b e t a	COMITATIVE,ALONG WITH	COMITATIVE,ALONG WITH TWO	24	Tacanan	beta	beta	None
853	m.b e t a	8	m.b e t a	COMITATIVE,ALONG WITH	COMITATIVE,ALONG WITH TWO	24	Reyesano	mbeta	mbeta/beta	None
854	b e t a	8	b e t a	COMITATIVE,ALONG WITH	COMITATIVE,ALONG WITH TWO	24	Araona	beta	beta	None
855	b e t a	8	b e t a	COMITATIVE,ALONG WITH	COMITATIVE,ALONG WITH TWO	24	Cavinena	beta	beta	None
856	b e k a	8	b e k a	COMITATIVE,ALONG WITH	COMITATIVE,ALONG WITH TWO	24	EseEjja	beka	beka	None
