ID,Local_ID,Language_ID,Parameter_ID,Value,Form,Segments,Comment,Source,Cognacy,Loan,Graphemes,Profile,Table,NumberInSource,FormFromProto
ProPaTa-1_tree-1,,ProPaTa,1_tree,hegʷi,hegʷi,h e gʷ i,,Valenzuela2023,47,,^ h e gʷ i $,default,,,**hegʷi
ProPa-1_tree-1,,ProPa,1_tree,hiwi,hiwi,h i w i,,Valenzuela2023,47,,^ h i w i $,default,,,**hegʷi
Ksh-1_tree-1,,Ksh,1_tree,i,i,i,,Valenzuela2023,47,,^ i $,default,,,**hegʷi
SK-1_tree-1,,SK,1_tree,hiwi,hiwi,h i w i,,Valenzuela2023,47,,^ h i w i $,default,,,**hegʷi
Kap-1_tree-1,,Kap,1_tree,hiwi,hiwi,h i w i,,Valenzuela2023,47,,^ h i w i $,default,,,**hegʷi
Mar-1_tree-1,,Mar,1_tree,iwi,iwi,i w i,,Valenzuela2023,47,,^ i w i $,default,,,**hegʷi
Chak-1_tree-1,,Chak,1_tree,hiwi,hiwi,h i w i,,Valenzuela2023,47,,^ h i w i $,default,,,**hegʷi
Kax-1_tree-1,,Kax,1_tree,hiwi,hiwi,h i w i,,Valenzuela2023,47,,^ h i w i $,default,,,**hegʷi
Yam-1_tree-1,,Yam,1_tree,iɸi,iɸi,i ɸ i,,Valenzuela2023,47,,^ i ɸ i $,default,,,**hegʷi
Shar-1_tree-1,,Shar,1_tree,iɸi,iɸi,i ɸ i,,Valenzuela2023,47,,^ i ɸ i $,default,,,**hegʷi
ProPaTa-2_tooth-1,,ProPaTa,2_tooth,ʂɨ-,ʂɨ,ʂ ɨ,,Valenzuela2023,46,,^ ʂ ɨ $,default,,,**ʂɨ-
ProPa-2_tooth-1,,ProPa,2_tooth,ʂɨ-,ʂɨ,ʂ ɨ,,Valenzuela2023,46,,^ ʂ ɨ $,default,,,**ʂɨ-
Ksh-2_tooth-1,,Ksh,2_tooth,ʂɨta,ʂɨta,ʂ ɨ t a,,Valenzuela2023,46,,^ ʂ ɨ t a $,default,,,**ʂɨ-
SK-2_tooth-1,,SK,2_tooth,ʂɨta,ʂɨta,ʂ ɨ t a,,Valenzuela2023,46,,^ ʂ ɨ t a $,default,,,**ʂɨ-
Kap-2_tooth-1,,Kap,2_tooth,ʂɨta,ʂɨta,ʂ ɨ t a,,Valenzuela2023,46,,^ ʂ ɨ t a $,default,,,**ʂɨ-
Mar-2_tooth-1,,Mar,2_tooth,ʃɨta,ʃɨta,ʃ ɨ t a,,Valenzuela2023,46,,^ ʃ ɨ t a $,default,,,**ʂɨ-
Chak-2_tooth-1,,Chak,2_tooth,ʂɨta,ʂɨta,ʂ ɨ t a,,Valenzuela2023,46,,^ ʂ ɨ t a $,default,,,**ʂɨ-
Kax-2_tooth-1,,Kax,2_tooth,ʂɨta,ʂɨta,ʂ ɨ t a,,Valenzuela2023,46,,^ ʂ ɨ t a $,default,,,**ʂɨ-
Shar-2_tooth-1,,Shar,2_tooth,ʂɨta,ʂɨta,ʂ ɨ t a,,Valenzuela2023,46,,^ ʂ ɨ t a $,default,,,**ʂɨ-
ProPaTa-3_two-1,,ProPaTa,3_two,bɨta,bɨta,b ɨ t a,,Valenzuela2023,48,,^ b ɨ t a $,default,,,**bɨta
ProPa-3_two-1,,ProPa,3_two,ra-βɨta,ra,r a,,Valenzuela2023,48,,^ r a $,default,,,**bɨta
Ksh-3_two-1,,Ksh,3_two,raβɨ,raβɨ,r a β ɨ,,Valenzuela2023,48,,^ r a β ɨ $,default,,,**bɨta
SK-3_two-1,,SK,3_two,raβɨ,raβɨ,r a β ɨ,,Valenzuela2023,48,,^ r a β ɨ $,default,,,**bɨta
Kap-3_two-1,,Kap,3_two,raβɨ,raβɨ,r a β ɨ,,Valenzuela2023,48,,^ r a β ɨ $,default,,,**bɨta
Mar-3_two-1,,Mar,3_two,ravɨvakĩ,ravɨvakĩ,r a v ɨ v a k ĩ,,Valenzuela2023,48,,^ r a v ɨ v a k ĩ $,default,,,**bɨta
Chak-3_two-1,,Chak,3_two,raβɨ,raβɨ,r a β ɨ,,Valenzuela2023,48,,^ r a β ɨ $,default,,,**bɨta
Kax-3_two-1,,Kax,3_two,tʃabɨta,tʃabɨta,tʃ a b ɨ t a,,Valenzuela2023,48,,^ tʃ a b ɨ t a $,default,,,**bɨta
Yam-3_two-1,,Yam,3_two,raɸɨ,raɸɨ,r a ɸ ɨ,,Valenzuela2023,48,,^ r a ɸ ɨ $,default,,,**bɨta
Chan-3_two-1,,Chan,3_two,raɸɨ,raɸɨ,r a ɸ ɨ,,Valenzuela2023,48,,^ r a ɸ ɨ $,default,,,**bɨta
Shar-3_two-1,,Shar,3_two,raɸɨ,raɸɨ,r a ɸ ɨ,,Valenzuela2023,48,,^ r a ɸ ɨ $,default,,,**bɨta
ProPaTa-4_liver-1,,ProPaTa,4_liver,takʷa,takʷa,t a kʷ a,,Valenzuela2023,34,,^ t a kʷ a $,default,,,takʷa
ProPa-4_liver-1,,ProPa,4_liver,takʷa,takʷa,t a kʷ a,,Valenzuela2023,34,,^ t a kʷ a $,default,,,**takʷa
Ksh-4_liver-1,,Ksh,4_liver,takʷa,takʷa,t a kʷ a,,Valenzuela2023,34,,^ t a kʷ a $,default,,,**takʷa
SK-4_liver-1,,SK,4_liver,taka,taka,t a k a,,Valenzuela2023,34,,^ t a k a $,default,,,**takʷa
Kap-4_liver-1,,Kap,4_liver,taka,taka,t a k a,,Valenzuela2023,34,,^ t a k a $,default,,,**takʷa
Mar-4_liver-1,,Mar,4_liver,taka,taka,t a k a,,Valenzuela2023,34,,^ t a k a $,default,,,**takʷa
Chak-4_liver-1,,Chak,4_liver,taka,taka,t a k a,,Valenzuela2023,34,,^ t a k a $,default,,,**takʷa
Kax-4_liver-1,,Kax,4_liver,taka,taka,t a k a,,Valenzuela2023,34,,^ t a k a $,default,,,**takʷa
Chan-4_liver-1,,Chan,4_liver,taka,taka,t a k a,,Valenzuela2023,34,,^ t a k a $,default,,,**takʷa
Shar-4_liver-1,,Shar,4_liver,taka,taka,t a k a,,Valenzuela2023,34,,^ t a k a $,default,,,**takʷa
ProPaTa-5_leaf-1,,ProPaTa,5_leaf,pɨʔi,pɨʔi,p ɨ ʔ i,,Valenzuela2023,32,,^ p ɨ ʔ i $,default,,,**pɨʔi
ProPa-5_leaf-1,,ProPa,5_leaf,pɨʔi,pɨʔi,p ɨ ʔ i,,Valenzuela2023,32,,^ p ɨ ʔ i $,default,,,**pɨʔi
Ksh-5_leaf-1,,Ksh,5_leaf,pɨi,pɨi,p ɨ i,,Valenzuela2023,32,,^ p ɨ i $,default,,,**pɨʔi
SK-5_leaf-1,,SK,5_leaf,pɨi,pɨi,p ɨ i,,Valenzuela2023,32,,^ p ɨ i $,default,,,**pɨʔi
Kap-5_leaf-1,,Kap,5_leaf,pɨʔi,pɨʔi,p ɨ ʔ i,,Valenzuela2023,32,,^ p ɨ ʔ i $,default,,,**pɨʔi
Mar-5_leaf-1,,Mar,5_leaf,pɨi,pɨi,p ɨ i,,Valenzuela2023,32,,^ p ɨ i $,default,,,**pɨʔi
Chak-5_leaf-1,,Chak,5_leaf,pɨʔi,pɨʔi,p ɨ ʔ i,,Valenzuela2023,32,,^ p ɨ ʔ i $,default,,,**pɨʔi
Kax-5_leaf-1,,Kax,5_leaf,pɨʔi,pɨʔi,p ɨ ʔ i,,Valenzuela2023,32,,^ p ɨ ʔ i $,default,,,**pɨʔi
Yam-5_leaf-1,,Yam,5_leaf,pɨi,pɨi,p ɨ i,,Valenzuela2023,32,,^ p ɨ i $,default,,,**pɨʔi
Chan-5_leaf-1,,Chan,5_leaf,pɨi,pɨi,p ɨ i,,Valenzuela2023,32,,^ p ɨ i $,default,,,**pɨʔi
Shar-5_leaf-1,,Shar,5_leaf,pɨi,pɨi,p ɨ i,,Valenzuela2023,32,,^ p ɨ i $,default,,,**pɨʔi
ProPaTa-6_bone-1,,ProPaTa,6_bone,ʂau,ʂau,ʂ a u,,Valenzuela2023,5,,^ ʂ a u $,default,,,**ʂau
ProPa-6_bone-1,,ProPa,6_bone,ʂao,ʂao,ʂ a o,,Valenzuela2023,5,,^ ʂ a o $,default,,,**ʂau
Ksh-6_bone-1,,Ksh,6_bone,ʂɔː,ʂɔː,ʂ ɔː,,Valenzuela2023,5,,^ ʂ ɔː $,default,,,**ʂau
SK-6_bone-1,,SK,6_bone,ʂao,ʂao,ʂ a o,,Valenzuela2023,5,,^ ʂ a o $,default,,,**ʂau
Kap-6_bone-1,,Kap,6_bone,ʂao,ʂao,ʂ a o,,Valenzuela2023,5,,^ ʂ a o $,default,,,**ʂau
Mar-6_bone-1,,Mar,6_bone,ʃau,ʃau,ʃ a u,,Valenzuela2023,5,,^ ʃ a u $,default,,,**ʂau
Chak-6_bone-1,,Chak,6_bone,ʂao,ʂao,ʂ a o,,Valenzuela2023,5,,^ ʂ a o $,default,,,**ʂau
Kax-6_bone-1,,Kax,6_bone,ʂahʷu,ʂahʷu,ʂ a hʷ u,,Valenzuela2023,5,,^ ʂ a hʷ u $,default,,,**ʂau
Yam-6_bone-1,,Yam,6_bone,ʂao,ʂao,ʂ a o,,Valenzuela2023,5,,^ ʂ a o $,default,,,**ʂau
Chan-6_bone-1,,Chan,6_bone,"ʃao,ʂao",ʃao,ʃ a o,,Valenzuela2023,5,,^ ʃ a o $,default,,,**ʂau
Shar-6_bone-1,,Shar,6_bone,ʂao,ʂao,ʂ a o,,Valenzuela2023,5,,^ ʂ a o $,default,,,**ʂau
ProPaTa-7_tongue-1,,ProPaTa,7_tongue,hana,hana,h a n a,,Valenzuela2023,45,,^ h a n a $,default,,,**hana
ProPa-7_tongue-1,,ProPa,7_tongue,hana,hana,h a n a,,Valenzuela2023,45,,^ h a n a $,default,,,**hana
Ksh-7_tongue-1,,Ksh,7_tongue,ana,ana,a n a,,Valenzuela2023,45,,^ a n a $,default,,,**hana
SK-7_tongue-1,,SK,7_tongue,hana,hana,h a n a,,Valenzuela2023,45,,^ h a n a $,default,,,**hana
Kap-7_tongue-1,,Kap,7_tongue,hana,hana,h a n a,,Valenzuela2023,45,,^ h a n a $,default,,,**hana
Mar-7_tongue-1,,Mar,7_tongue,ana,ana,a n a,,Valenzuela2023,45,,^ a n a $,default,,,**hana
Chak-7_tongue-1,,Chak,7_tongue,hana,hana,h a n a,,Valenzuela2023,45,,^ h a n a $,default,,,**hana
Kax-7_tongue-1,,Kax,7_tongue,hana,hana,h a n a,,Valenzuela2023,45,,^ h a n a $,default,,,**hana
Yam-7_tongue-1,,Yam,7_tongue,ana,ana,a n a,,Valenzuela2023,45,,^ a n a $,default,,,**hana
Chan-7_tongue-1,,Chan,7_tongue,ada,ada,a d a,,Valenzuela2023,45,,^ a d a $,default,,,**hana
Shar-7_tongue-1,,Shar,7_tongue,ana,ana,a n a,,Valenzuela2023,45,,^ a n a $,default,,,**hana
ProPaTa-8_hand-1,,ProPaTa,8_hand,mɨ-,mɨ,m ɨ,,Valenzuela2023,28,,^ m ɨ $,default,,,**mɨ-
ProPa-8_hand-1,,ProPa,8_hand,mɨ-,mɨ,m ɨ,,Valenzuela2023,28,,^ m ɨ $,default,,,**mɨ-
Ksh-8_hand-1,,Ksh,8_hand,mɨkɨ̃,mɨkɨ̃,m ɨ k ɨ̃,,Valenzuela2023,28,,^ m ɨ k ɨ̃ $,default,,,**mɨ-
SK-8_hand-1,,SK,8_hand,mɨkɨ̃,mɨkɨ̃,m ɨ k ɨ̃,,Valenzuela2023,28,,^ m ɨ k ɨ̃ $,default,,,**mɨ-
Kap-8_hand-1,,Kap,8_hand,mɨkɨn,mɨkɨn,m ɨ k ɨ n,,Valenzuela2023,28,,^ m ɨ k ɨ n $,default,,,**mɨ-
Chak-8_hand-1,,Chak,8_hand,mɨkɨnɨ,mɨkɨnɨ,m ɨ k ɨ n ɨ,,Valenzuela2023,28,,^ m ɨ k ɨ n ɨ $,default,,,**mɨ-
Kax-8_hand-1,,Kax,8_hand,mɨkɨlɨ,mɨkɨlɨ,m ɨ k ɨ l ɨ,,Valenzuela2023,28,,^ m ɨ k ɨ l ɨ $,default,,,**mɨ-
Yam-8_hand-1,,Yam,8_hand,mɨkɨ̃,mɨkɨ̃,m ɨ k ɨ̃,,Valenzuela2023,28,,^ m ɨ k ɨ̃ $,default,,,**mɨ-
Chan-8_hand-1,,Chan,8_hand,mɨkɨ,mɨkɨ,m ɨ k ɨ,,Valenzuela2023,28,,^ m ɨ k ɨ $,default,,,**mɨ-
Shar-8_hand-1,,Shar,8_hand,mɨkɨ,mɨkɨ,m ɨ k ɨ,,Valenzuela2023,28,,^ m ɨ k ɨ $,default,,,**mɨ-
ProPaTa-9_night-1,,ProPaTa,9_night,mɨta,mɨta,m ɨ t a,,Valenzuela2023,38,,^ m ɨ t a $,default,,,**mɨta
ProPa-9_night-1,,ProPa,9_night,yamɨtV,yamɨt,j a m ɨ t,,Valenzuela2023,38,,^ y a m ɨ t $,default,,,**mɨta
Ksh-9_night-1,,Ksh,9_night,imɨ,imɨ,i m ɨ,,Valenzuela2023,38,,^ i m ɨ $,default,,,**mɨta
SK-9_night-1,,SK,9_night,yamɨ,yamɨ,j a m ɨ,,Valenzuela2023,38,,^ y a m ɨ $,default,,,**mɨta
Kap-9_night-1,,Kap,9_night,yamɨ,yamɨ,j a m ɨ,,Valenzuela2023,38,,^ y a m ɨ $,default,,,**mɨta
Mar-9_night-1,,Mar,9_night,yamɨ,yamɨ,j a m ɨ,,Valenzuela2023,38,,^ y a m ɨ $,default,,,**mɨta
Kax-9_night-1,,Kax,9_night,yamɨta,yamɨta,j a m ɨ t a,,Valenzuela2023,38,,^ y a m ɨ t a $,default,,,**mɨta
Yam-9_night-1,,Yam,9_night,yamɨa,yamɨa,j a m ɨ a,,Valenzuela2023,38,,^ y a m ɨ a $,default,,,**mɨta
Chan-9_night-1,,Chan,9_night,yabɨ,yabɨ,j a b ɨ,,Valenzuela2023,38,,^ y a b ɨ $,default,,,**mɨta
Shar-9_night-1,,Shar,9_night,yamɨ,yamɨ,j a m ɨ,,Valenzuela2023,38,,^ y a m ɨ $,default,,,**mɨta
ProPaTa-10_skin-1,,ProPaTa,10_skin,bitsi,bitsi,b i ts i,,Valenzuela2023,41,,^ b i ts i $,default,,,**bitsi
ProPa-10_skin-1,,ProPa,10_skin,βitsi,βitsi,β i ts i,,Valenzuela2023,41,,^ β i ts i $,default,,,**bitsi
Ksh-10_skin-1,,Ksh,10_skin,βitʃi,βitʃi,β i tʃ i,,Valenzuela2023,41,,^ β i tʃ i $,default,,,**bitsi
SK-10_skin-1,,SK,10_skin,βitʃi,βitʃi,β i tʃ i,,Valenzuela2023,41,,^ β i tʃ i $,default,,,**bitsi
Kap-10_skin-1,,Kap,10_skin,βitʃi,βitʃi,β i tʃ i,,Valenzuela2023,41,,^ β i tʃ i $,default,,,**bitsi
Mar-10_skin-1,,Mar,10_skin,vitʃi,vitʃi,v i tʃ i,,Valenzuela2023,41,,^ v i tʃ i $,default,,,**bitsi
Chak-10_skin-1,,Chak,10_skin,βitʃi,βitʃi,β i tʃ i,,Valenzuela2023,41,,^ β i tʃ i $,default,,,**bitsi
Kax-10_skin-1,,Kax,10_skin,bitʃi,bitʃi,b i tʃ i,,Valenzuela2023,41,,^ b i tʃ i $,default,,,**bitsi
Chan-10_skin-1,,Chan,10_skin,ɸitʃi,ɸitʃi,ɸ i tʃ i,,Valenzuela2023,41,,^ ɸ i tʃ i $,default,,,**bitsi
Shar-10_skin-1,,Shar,10_skin,ɸitʃi,ɸitʃi,ɸ i tʃ i,,Valenzuela2023,41,,^ ɸ i tʃ i $,default,,,**bitsi
ProPaTa-11_fire-1,,ProPaTa,11_fire,tsiʔi,tsiʔi,ts i ʔ i,,Valenzuela2023,23,,^ ts i ʔ i $,default,,,**tsiʔi
ProPa-11_fire-1,,ProPa,11_fire,tsiʔi,tsiʔi,ts i ʔ i,,Valenzuela2023,23,,^ ts i ʔ i $,default,,,**tsiʔi
Ksh-11_fire-1,,Ksh,11_fire,tʃii,tʃii,tʃ i i,,Valenzuela2023,23,,^ tʃ i i $,default,,,**tsiʔi
SK-11_fire-1,,SK,11_fire,tʃii,tʃii,tʃ i i,,Valenzuela2023,23,,^ tʃ i i $,default,,,**tsiʔi
Kap-11_fire-1,,Kap,11_fire,tʃiʔi,tʃiʔi,tʃ i ʔ i,,Valenzuela2023,23,,^ tʃ i ʔ i $,default,,,**tsiʔi
Mar-11_fire-1,,Mar,11_fire,tʃi,tʃi,tʃ i,,Valenzuela2023,23,,^ tʃ i $,default,,,**tsiʔi
Chak-11_fire-1,,Chak,11_fire,tʃiʔi,tʃiʔi,tʃ i ʔ i,,Valenzuela2023,23,,^ tʃ i ʔ i $,default,,,**tsiʔi
Kax-11_fire-1,,Kax,11_fire,tʃiʔi,tʃiʔi,tʃ i ʔ i,,Valenzuela2023,23,,^ tʃ i ʔ i $,default,,,**tsiʔi
Yam-11_fire-1,,Yam,11_fire,tʃii,tʃii,tʃ i i,,Valenzuela2023,23,,^ tʃ i i $,default,,,**tsiʔi
Chan-11_fire-1,,Chan,11_fire,tʃii,tʃii,tʃ i i,,Valenzuela2023,23,,^ tʃ i i $,default,,,**tsiʔi
Shar-11_fire-1,,Shar,11_fire,tʃii,tʃii,tʃ i i,,Valenzuela2023,23,,^ tʃ i i $,default,,,**tsiʔi
ProPaTa-12_knee-1,,ProPaTa,12_knee,da-n,da,d a,,Valenzuela2023,31,,^ d a $,default,,,**da-n
ProPa-12_knee-1,,ProPa,12_knee,rã-,rã,r ã,,Valenzuela2023,31,,^ r ã $,default,,,**da-n
Ksh-12_knee-1,,Ksh,12_knee,rãβoʂo,rãβoʂo,r ã β o ʂ o,,Valenzuela2023,31,,^ r ã β o ʂ o $,default,,,**da-n
SK-12_knee-1,,SK,12_knee,rãβoʂo,rãβoʂo,r ã β o ʂ o,,Valenzuela2023,31,,^ r ã β o ʂ o $,default,,,**da-n
Kap-12_knee-1,,Kap,12_knee,rãβoʂo,rãβoʂo,r ã β o ʂ o,,Valenzuela2023,31,,^ r ã β o ʂ o $,default,,,**da-n
Mar-12_knee-1,,Mar,12_knee,ravuʃɨ,ravuʃɨ,r a v u ʃ ɨ,,Valenzuela2023,31,,^ r a v u ʃ ɨ $,default,,,**da-n
Kax-12_knee-1,,Kax,12_knee,tʃãburu,tʃãburu,tʃ ã b u r u,,Valenzuela2023,31,,^ tʃ ã b u r u $,default,,,**da-n
ProPaTa-13_blood-1,,ProPaTa,13_blood,hemi,hemi,h e m i,,Valenzuela2023,4,,^ h e m i $,default,,,**hemi
ProPa-13_blood-1,,ProPa,13_blood,himi,himi,h i m i,,Valenzuela2023,4,,^ h i m i $,default,,,**hemi
Ksh-13_blood-1,,Ksh,13_blood,imi,imi,i m i,,Valenzuela2023,4,,^ i m i $,default,,,**hemi
SK-13_blood-1,,SK,13_blood,himi,himi,h i m i,,Valenzuela2023,4,,^ h i m i $,default,,,**hemi
Kap-13_blood-1,,Kap,13_blood,himi,himi,h i m i,,Valenzuela2023,4,,^ h i m i $,default,,,**hemi
Mar-13_blood-1,,Mar,13_blood,imbi,imbi,i m b i,/b/ as superscript,Valenzuela2023,4,,^ i m b i $,default,,,**hemi
Chak-13_blood-1,,Chak,13_blood,himi,himi,h i m i,,Valenzuela2023,4,,^ h i m i $,default,,,**hemi
Kax-13_blood-1,,Kax,13_blood,himi,himi,h i m i,,Valenzuela2023,4,,^ h i m i $,default,,,**hemi
Yam-13_blood-1,,Yam,13_blood,im,im,i m,,Valenzuela2023,4,,^ i m $,default,,,**hemi
Chan-13_blood-1,,Chan,13_blood,ibi,ibi,i b i,,Valenzuela2023,4,,^ i b i $,default,,,**hemi
Shar-13_blood-1,,Shar,13_blood,imi,imi,i m i,,Valenzuela2023,4,,^ i m i $,default,,,**hemi
ProPaTa-14_breast-1,,ProPaTa,14_breast,aṣu,aṣu,a s u,,Valenzuela2023,6,,^ a ṣ u $,default,,,**aṣu
ProPa-14_breast-1,,ProPa,14_breast,ʂo,ʂo,ʂ o,,Valenzuela2023,6,,^ ʂ o $,default,,,**aṣu
Ksh-14_breast-1,,Ksh,14_breast,ʂoma,ʂoma,ʂ o m a,,Valenzuela2023,6,,^ ʂ o m a $,default,,,**aṣu
SK-14_breast-1,,SK,14_breast,ʂoma,ʂoma,ʂ o m a,,Valenzuela2023,6,,^ ʂ o m a $,default,,,**aṣu
Kap-14_breast-1,,Kap,14_breast,ʂoma,ʂoma,ʂ o m a,,Valenzuela2023,6,,^ ʂ o m a $,default,,,**aṣu
Mar-14_breast-1,,Mar,14_breast,ʂoma,ʂoma,ʂ o m a,,Valenzuela2023,6,,^ ʂ o m a $,default,,,**aṣu
Chak-14_breast-1,,Chak,14_breast,ʂoma,ʂoma,ʂ o m a,,Valenzuela2023,6,,^ ʂ o m a $,default,,,**aṣu
Chan-14_breast-1,,Chan,14_breast,ʂoma,ʂoma,ʂ o m a,,Valenzuela2023,6,,^ ʂ o m a $,default,,,**aṣu
Shar-14_breast-1,,Shar,14_breast,ʂoma,ʂoma,ʂ o m a,,Valenzuela2023,6,,^ ʂ o m a $,default,,,**aṣu
ProPaTa-15_sun-1,,ProPaTa,15_sun,badi,badi,b a d i,,Valenzuela2023,42,,^ b a d i $,default,,,**badi
ProPa-15_sun-1,,ProPa,15_sun,βari,βari,β a r i,,Valenzuela2023,42,,^ β a r i $,default,,,**badi
Ksh-15_sun-1,,Ksh,15_sun,βaɾi,βaɾi,β a ɾ i,,Valenzuela2023,42,,^ β a ɾ i $,default,,,**badi
SK-15_sun-1,,SK,15_sun,βaɾi,βaɾi,β a ɾ i,,Valenzuela2023,42,,^ β a ɾ i $,default,,,**badi
Kap-15_sun-1,,Kap,15_sun,βaɾi,βaɾi,β a ɾ i,,Valenzuela2023,42,,^ β a ɾ i $,default,,,**badi
Mar-15_sun-1,,Mar,15_sun,vaɾi,vaɾi,v a ɾ i,,Valenzuela2023,42,,^ v a ɾ i $,default,,,**badi
Chak-15_sun-1,,Chak,15_sun,βaɾi,βaɾi,β a ɾ i,,Valenzuela2023,42,,^ β a ɾ i $,default,,,**badi
Kax-15_sun-1,,Kax,15_sun,βatʃi,βatʃi,β a tʃ i,,Valenzuela2023,42,,^ β a tʃ i $,default,,,**badi
Chan-15_sun-1,,Chan,15_sun,ɸaɾi,ɸaɾi,ɸ a ɾ i,,Valenzuela2023,42,,^ ɸ a ɾ i $,default,,,**badi
Shar-15_sun-1,,Shar,15_sun,ɸari,ɸari,ɸ a r i,,Valenzuela2023,42,,^ ɸ a r i $,default,,,**badi
ProPaTa-16_you-1,,ProPaTa,16_you,mi,mi,m i,,Valenzuela2023,49,,^ m i $,default,,,**mi
ProPa-16_you-1,,ProPa,16_you,mi,mi,m i,,Valenzuela2023,49,,^ m i $,default,,,**mi
Ksh-16_you-1,,Ksh,16_you,miː,miː,m iː,,Valenzuela2023,49,,^ m iː $,default,,,**mi
SK-16_you-1,,SK,16_you,mia,mia,m i a,,Valenzuela2023,49,,^ m i a $,default,,,**mi
Kap-16_you-1,,Kap,16_you,mia,mia,m i a,,Valenzuela2023,49,,^ m i a $,default,,,**mi
Chak-16_you-1,,Chak,16_you,mia,mia,m i a,object form,Valenzuela2023,49,,^ m i a $,default,,,**mi
ProPaTa-17_come-1,,ProPaTa,17_come,bɨ-,bɨ,b ɨ,,Valenzuela2023,11,,^ b ɨ $,default,,,**bɨ-
ProPa-17_come-1,,ProPa,17_come,βɨ-,βɨ,β ɨ,"'come,bring'",Valenzuela2023,11,,^ β ɨ $,default,,,**bɨ-
Ksh-17_come-1,,Ksh,17_come,βɨ-,βɨ,β ɨ,,Valenzuela2023,11,,^ β ɨ $,default,,,**bɨ-
SK-17_come-1,,SK,17_come,βɨ-,βɨ,β ɨ,,Valenzuela2023,11,,^ β ɨ $,default,,,**bɨ-
Kap-17_come-1,,Kap,17_come,βɨ-,βɨ,β ɨ,,Valenzuela2023,11,,^ β ɨ $,default,,,**bɨ-
Chak-17_come-1,,Chak,17_come,βɨ-,βɨ,β ɨ,,Valenzuela2023,11,,^ β ɨ $,default,,,**bɨ-
Kax-17_come-1,,Kax,17_come,bɨ-,bɨ,b ɨ,,Valenzuela2023,11,,^ b ɨ $,default,,,**bɨ-
Yam-17_come-1,,Yam,17_come,ɸɨ-,ɸɨ,ɸ ɨ,,Valenzuela2023,11,,^ ɸ ɨ $,default,,,**bɨ-
Chan-17_come-1,,Chan,17_come,ɸɨ-,ɸɨ,ɸ ɨ,,Valenzuela2023,11,,^ ɸ ɨ $,default,,,**bɨ-
Shar-17_come-1,,Shar,17_come,ɸɨ-,ɸɨ,ɸ ɨ,,Valenzuela2023,11,,^ ɸ ɨ $,default,,,**bɨ-
ProPaTa-18_i-1,,ProPaTa,18_i,ʔɨ,ʔɨ,ʔ ɨ,,Valenzuela2023,29,,^ ʔ ɨ $,default,,,**ʔɨ
ProPa-18_i-1,,ProPa,18_i,ʔɨ,ʔɨ,ʔ ɨ,,Valenzuela2023,29,,^ ʔ ɨ $,default,,,**ʔɨ
Ksh-18_i-1,,Ksh,18_i,ʔɨ,ʔɨ,ʔ ɨ,,Valenzuela2023,29,,^ ʔ ɨ $,default,,,**ʔɨ
SK-18_i-1,,SK,18_i,ʔɨ,ʔɨ,ʔ ɨ,,Valenzuela2023,29,,^ ʔ ɨ $,default,,,**ʔɨ
Kap-18_i-1,,Kap,18_i,ʔɨ,ʔɨ,ʔ ɨ,,Valenzuela2023,29,,^ ʔ ɨ $,default,,,**ʔɨ
Chak-18_i-1,,Chak,18_i,ɨ,ɨ,ɨ,,Valenzuela2023,29,,^ ɨ $,default,,,**ʔɨ
ProPaTa-19_flesh-1,,ProPaTa,19_flesh,Nami,Nami,N/n a m i,,Valenzuela2023,24,,^ N a m i $,default,,,**Nami
ProPa-19_flesh-1,,ProPa,19_flesh,nami,nami,n a m i,Additional cognates refering to body parts,Valenzuela2023,24,,^ n a m i $,default,,,**Nami
Ksh-19_flesh-1,,Ksh,19_flesh,nami,nami,n a m i,,Valenzuela2023,24,,^ n a m i $,default,,,**Nami
SK-19_flesh-1,,SK,19_flesh,nami,nami,n a m i,,Valenzuela2023,24,,^ n a m i $,default,,,**Nami
Kap-19_flesh-1,,Kap,19_flesh,nami,nami,n a m i,,Valenzuela2023,24,,^ n a m i $,default,,,**Nami
Mar-19_flesh-1,,Mar,19_flesh,nami,nami,n a m i,,Valenzuela2023,24,,^ n a m i $,default,,,**Nami
Chak-19_flesh-1,,Chak,19_flesh,nami,nami,n a m i,,Valenzuela2023,24,,^ n a m i $,default,,,**Nami
Kax-19_flesh-1,,Kax,19_flesh,lami,lami,l a m i,,Valenzuela2023,24,,^ l a m i $,default,,,**Nami
Yam-19_flesh-1,,Yam,19_flesh,"nami,nãmi",nami,n a m i,,Valenzuela2023,24,,^ n a m i $,default,,,**Nami
Chan-19_flesh-1,,Chan,19_flesh,"nabi,dami",nabi,n a b i,,Valenzuela2023,24,,^ n a b i $,default,,,**Nami
Shar-19_flesh-1,,Shar,19_flesh,"nami,namin",nami,n a m i,,Valenzuela2023,24,,^ n a m i $,default,,,**Nami
ProPaTa-20_fat-1,,ProPaTa,20_fat,ʂɨNi,ʂɨNi,ʂ ɨ N/n i,,Valenzuela2023,21,,^ ʂ ɨ N i $,default,,,**ʂɨNi
ProPa-20_fat-1,,ProPa,20_fat,ʂɨni,ʂɨni,ʂ ɨ n i,,Valenzuela2023,21,,^ ʂ ɨ n i $,default,,,**ʂɨNi
Ksh-20_fat-1,,Ksh,20_fat,ʂɨni,ʂɨni,ʂ ɨ n i,,Valenzuela2023,21,,^ ʂ ɨ n i $,default,,,**ʂɨNi
SK-20_fat-1,,SK,20_fat,ʂɨni,ʂɨni,ʂ ɨ n i,,Valenzuela2023,21,,^ ʂ ɨ n i $,default,,,**ʂɨNi
Kap-20_fat-1,,Kap,20_fat,ʂɨni,ʂɨni,ʂ ɨ n i,,Valenzuela2023,21,,^ ʂ ɨ n i $,default,,,**ʂɨNi
Mar-20_fat-1,,Mar,20_fat,ʂɨni,ʂɨni,ʂ ɨ n i,,Valenzuela2023,21,,^ ʂ ɨ n i $,default,,,**ʂɨNi
Chak-20_fat-1,,Chak,20_fat,ʂɨni,ʂɨni,ʂ ɨ n i,,Valenzuela2023,21,,^ ʂ ɨ n i $,default,,,**ʂɨNi
Yam-20_fat-1,,Yam,20_fat,ʂɨnĩ,ʂɨnĩ,ʂ ɨ n ĩ,,Valenzuela2023,21,,^ ʂ ɨ n ĩ $,default,,,**ʂɨNi
Chan-20_fat-1,,Chan,20_fat,"ʃɨdi,ʃidi,ʂidi",ʃɨdi,ʃ ɨ d i,,Valenzuela2023,21,,^ ʃ ɨ d i $,default,,,**ʂɨNi
Shar-20_fat-1,,Shar,20_fat,ʂɨni,ʂɨni,ʂ ɨ n i,,Valenzuela2023,21,,^ ʂ ɨ n i $,default,,,**ʂɨNi
ProPaTa-21_fingernail-1,,ProPaTa,21_fingernail,mɨ-tsizi,mɨ,m ɨ,,Valenzuela2023,22,,^ m ɨ $,default,,,**mɨ-tsizi
ProPa-21_fingernail-1,,ProPa,21_fingernail,mɨ̃-tsis[i],mɨ̃,m ɨ̃,,Valenzuela2023,22,,^ m ɨ̃ $,default,,,**mɨ-tsizi
Ksh-21_fingernail-1,,Ksh,21_fingernail,"Untsis,untsɨs",Untsis,u n ts i s,,Valenzuela2023,22,,^ U n ts i s $,default,,,**mɨ-tsizi
SK-21_fingernail-1,,SK,21_fingernail,"mɨ̃ntsis,mɨ̃tsis",mɨ̃ntsis,m ɨ̃ n ts i s,,Valenzuela2023,22,,^ m ɨ̃ n ts i s $,default,,,**mɨ-tsizi
Kap-21_fingernail-1,,Kap,21_fingernail,mɨ̃ntsis,mɨ̃ntsis,m ɨ̃ n ts i s,,Valenzuela2023,22,,^ m ɨ̃ n ts i s $,default,,,**mɨ-tsizi
Mar-21_fingernail-1,,Mar,21_fingernail,mɨ̃tsisi,mɨ̃tsisi,m ɨ̃ ts i s i,,Valenzuela2023,22,,^ m ɨ̃ ts i s i $,default,,,**mɨ-tsizi
Chak-21_fingernail-1,,Chak,21_fingernail,"mɨ̃tsis,mɨ̃tsisi",mɨ̃tsis,m ɨ̃ ts i s,,Valenzuela2023,22,,^ m ɨ̃ ts i s $,default,,,**mɨ-tsizi
Kax-21_fingernail-1,,Kax,21_fingernail,mɨ̃tʃisi,mɨ̃tʃisi,m ɨ̃ tʃ i s i,,Valenzuela2023,22,,^ m ɨ̃ tʃ i s i $,default,,,**mɨ-tsizi
Yam-21_fingernail-1,,Yam,21_fingernail,"mitsis,mitsisi",mitsis,m i ts i s,,Valenzuela2023,22,,^ m i ts i s $,default,,,**mɨ-tsizi
Chan-21_fingernail-1,,Chan,21_fingernail,bitsis(otsis),bitsis,b i ts i s,,Valenzuela2023,22,,^ b i ts i s $,default,,,**mɨ-tsizi
Shar-21_fingernail-1,,Shar,21_fingernail,"mɨtsisi,otsisi",mɨtsisi,m ɨ ts i s i,,Valenzuela2023,22,,^ m ɨ ts i s i $,default,,,**mɨ-tsizi
ProPaTa-22_footleg-1,,ProPaTa,22_footleg,ta-,ta,t a,,Valenzuela2023,25,,^ t a $,default,,,**ta-
ProPa-22_footleg-1,,ProPa,22_footleg,ta-,ta,t a,'foot',Valenzuela2023,25,,^ t a $,default,,,**ta-
Ksh-22_footleg-1,,Ksh,22_footleg,taɨ,taɨ,t a ɨ,,Valenzuela2023,25,,^ t a ɨ $,default,,,**ta-
SK-22_footleg-1,,SK,22_footleg,taɨ,taɨ,t a ɨ,,Valenzuela2023,25,,^ t a ɨ $,default,,,**ta-
Kap-22_footleg-1,,Kap,22_footleg,taʔɨ,taʔɨ,t a ʔ ɨ,,Valenzuela2023,25,,^ t a ʔ ɨ $,default,,,**ta-
Mar-22_footleg-1,,Mar,22_footleg,taɨ,taɨ,t a ɨ,,Valenzuela2023,25,,^ t a ɨ $,default,,,**ta-
Chak-22_footleg-1,,Chak,22_footleg,taʔɨ,taʔɨ,t a ʔ ɨ,,Valenzuela2023,25,,^ t a ʔ ɨ $,default,,,**ta-
Kax-22_footleg-1,,Kax,22_footleg,taʔɨ,taʔɨ,t a ʔ ɨ,,Valenzuela2023,25,,^ t a ʔ ɨ $,default,,,**ta-
Yam-22_footleg-1,,Yam,22_footleg,"taɨ,taɨ̃",taɨ,t a ɨ,,Valenzuela2023,25,,^ t a ɨ $,default,,,**ta-
Chan-22_footleg-1,,Chan,22_footleg,taɨ,taɨ,t a ɨ,,Valenzuela2023,25,,^ t a ɨ $,default,,,**ta-
Shar-22_footleg-1,,Shar,22_footleg,"taɨ,taɨn",taɨ,t a ɨ,,Valenzuela2023,25,,^ t a ɨ $,default,,,**ta-
ProPaTa-23_lipedge-1,,ProPaTa,23_lipedge,kʷɨ~kɨ-,kʷɨ,kʷ ɨ,,Valenzuela2023,33,,^ kʷ ɨ $,default,,,**kʷɨ~kɨ-
ProPa-23_lipedge-1,,ProPa,23_lipedge,kʷɨ-,kʷɨ,kʷ ɨ,,Valenzuela2023,33,,^ kʷ ɨ $,default,,,**kʷɨ~kɨ-
Ksh-23_lipedge-1,,Ksh,23_lipedge,kʷɨβi-,kʷɨβi,kʷ ɨ β i,,Valenzuela2023,33,,^ kʷ ɨ β i $,default,,,**kʷɨ~kɨ-
SK-23_lipedge-1,,SK,23_lipedge,kɨβi-,kɨβi,k ɨ β i,,Valenzuela2023,33,,^ k ɨ β i $,default,,,**kʷɨ~kɨ-
Chak-23_lipedge-1,,Chak,23_lipedge,kɨβitʃi,kɨβitʃi,k ɨ β i tʃ i,,Valenzuela2023,33,,^ k ɨ β i tʃ i $,default,,,**kʷɨ~kɨ-
Shar-23_lipedge-1,,Shar,23_lipedge,kuɸirisika,kuɸirisika,k u ɸ i r i s i k a,,Valenzuela2023,33,,^ k u ɸ i r i s i k a $,default,,,**kʷɨ~kɨ-
ProPaTa-24_cheek-1,,ProPaTa,24_cheek,tamu,tamu,t a m u,,Valenzuela2023,10,,^ t a m u $,default,,,**tamu
ProPa-24_cheek-1,,ProPa,24_cheek,tamo,tamo,t a m o,,Valenzuela2023,10,,^ t a m o $,default,,,**tamu
Ksh-24_cheek-1,,Ksh,24_cheek,tamo,tamo,t a m o,,Valenzuela2023,10,,^ t a m o $,default,,,**tamu
SK-24_cheek-1,,SK,24_cheek,tamo,tamo,t a m o,,Valenzuela2023,10,,^ t a m o $,default,,,**tamu
Kap-24_cheek-1,,Kap,24_cheek,tamo,tamo,t a m o,,Valenzuela2023,10,,^ t a m o $,default,,,**tamu
Mar-24_cheek-1,,Mar,24_cheek,tambo,tambo,t a m b o,/m/ as superscript,Valenzuela2023,10,,^ t a m b o $,default,,,**tamu
Chak-24_cheek-1,,Chak,24_cheek,tamo,tamo,t a m o,,Valenzuela2023,10,,^ t a m o $,default,,,**tamu
Kax-24_cheek-1,,Kax,24_cheek,tamu,tamu,t a m u,,Valenzuela2023,10,,^ t a m u $,default,,,**tamu
Yam-24_cheek-1,,Yam,24_cheek,"tamo,tamõ",tamo,t a m o,,Valenzuela2023,10,,^ t a m o $,default,,,**tamu
Shar-24_cheek-1,,Shar,24_cheek,"tamo,tamon",tamo,t a m o,,Valenzuela2023,10,,^ t a m o $,default,,,**tamu
ProPaTa-25_mouth-1,,ProPaTa,25_mouth,kʷeʂa,kʷeʂa,kʷ e ʂ a,,Valenzuela2023,36,,^ kʷ e ʂ a $,default,,,**kʷeʂa
ProPa-25_mouth-1,,ProPa,25_mouth,kʷɨʂa[CV],kʷɨʂa,kʷ ɨ ʂ a,,Valenzuela2023,36,,^ kʷ ɨ ʂ a $,default,,,**kʷeʂa
Ksh-25_mouth-1,,Ksh,25_mouth,kʷɨʂa,kʷɨʂa,kʷ ɨ ʂ a,,Valenzuela2023,36,,^ kʷ ɨ ʂ a $,default,,,**kʷeʂa
SK-25_mouth-1,,SK,25_mouth,kɨʂa,kɨʂa,k ɨ ʂ a,,Valenzuela2023,36,,^ k ɨ ʂ a $,default,,,**kʷeʂa
Kap-25_mouth-1,,Kap,25_mouth,kɨʂa,kɨʂa,k ɨ ʂ a,,Valenzuela2023,36,,^ k ɨ ʂ a $,default,,,**kʷeʂa
Mar-25_mouth-1,,Mar,25_mouth,kɨʃa,kɨʃa,k ɨ ʃ a,,Valenzuela2023,36,,^ k ɨ ʃ a $,default,,,**kʷeʂa
Kax-25_mouth-1,,Kax,25_mouth,kɨʂaka,kɨʂaka,k ɨ ʂ a k a,,Valenzuela2023,36,,^ k ɨ ʂ a k a $,default,,,**kʷeʂa
Yam-25_mouth-1,,Yam,25_mouth,"kɨʂã,kɨʂamã",kɨʂã,k ɨ ʂ ã,,Valenzuela2023,36,,^ k ɨ ʂ ã $,default,,,**kʷeʂa
Chan-25_mouth-1,,Chan,25_mouth,"kɨʃa,kɨʂa",kɨʃa,k ɨ ʃ a,,Valenzuela2023,36,,^ k ɨ ʃ a $,default,,,**kʷeʂa
Shar-25_mouth-1,,Shar,25_mouth,"kɨʂa,kɨʂan",kɨʂa,k ɨ ʂ a,,Valenzuela2023,36,,^ k ɨ ʂ a $,default,,,**kʷeʂa
ProPaTa-26_elbow-1,,ProPaTa,26_elbow,baṣu,baṣu,b a s u,,Valenzuela2023,20,,^ b a ṣ u $,default,,,**baṣu
ProPa-26_elbow-1,,ProPa,26_elbow,βaʂ(u)-,βaʂ,β a ʂ,,Valenzuela2023,20,,^ β a ʂ $,default,,,**baṣu
Ksh-26_elbow-1,,Ksh,26_elbow,banbuxu,banbuxu,b a n b u x u,,Valenzuela2023,20,,^ b a n b u x u $,default,,,**baṣu
SK-26_elbow-1,,SK,26_elbow,põtõko,põtõko,p õ t õ k o,,Valenzuela2023,20,,^ p õ t õ k o $,default,,,**baṣu
Kap-26_elbow-1,,Kap,26_elbow,baʂpoʂko,baʂpoʂko,b a ʂ p o ʂ k o,,Valenzuela2023,20,,^ b a ʂ p o ʂ k o $,default,,,**baṣu
Chak-26_elbow-1,,Chak,26_elbow,baspoto,baspoto,b a s p o t o,,Valenzuela2023,20,,^ b a s p o t o $,default,,,**baṣu
Kax-26_elbow-1,,Kax,26_elbow,paxuxu,paxuxu,p a x u x u,,Valenzuela2023,20,,^ p a x u x u $,default,,,**baṣu
Yam-26_elbow-1,,Yam,26_elbow,po-to-ṣ̌ko,po,p o,,Valenzuela2023,20,,^ p o $,default,,,**baṣu
Shan-1_tree-1,,Shan,1_tree,iwi,iwi,i w i,,Valenzuela2023,47,,^ i w i $,default,,,hegʷi
Kat-1_tree-1,,Kat,1_tree,hiwi,hiwi,h i w i,,Valenzuela2023,47,,^ h i w i $,default,,,hegʷi
Poy-1_tree-1,,Poy,1_tree,iwi,iwi,i w i,,Valenzuela2023,47,,^ i w i $,default,,,hegʷi
Ama-1_tree-1,,Ama,1_tree,hiː,hiː,h iː,,Valenzuela2023,47,,^ h iː $,default,,,hegʷi
HanKax-1_tree-1,,HanKax,1_tree,hi,hi,h i,,Valenzuela2023,47,,^ h i $,default,,,hegʷi
Maw-1_tree-1,,Maw,1_tree,iwi,iwi,i w i,,Valenzuela2023,47,,^ i w i $,default,,,hegʷi
Kor-1_tree-1,,Kor,1_tree,iwi,iwi,i w i,,Valenzuela2023,47,,^ i w i $,default,,,hegʷi
MatMay-1_tree-1,,MatMay,1_tree,iwi,iwi,i w i,,Valenzuela2023,47,,^ i w i $,default,,,hegʷi
Shan-2_tooth-1,,Shan,2_tooth,ʂɨta,ʂɨta,ʂ ɨ t a,,Valenzuela2023,46,,^ ʂ ɨ t a $,default,,,**ʂɨ-
Kat-2_tooth-1,,Kat,2_tooth,ʂita,ʂita,ʂ i t a,,Valenzuela2023,46,,^ ʂ i t a $,default,,,**ʂɨ-
Ama-2_tooth-1,,Ama,2_tooth,xɨta,xɨta,x ɨ t a,,Valenzuela2023,46,,^ x ɨ t a $,default,,,**ʂɨ-
HanKax-2_tooth-1,,HanKax,2_tooth,ʂɨta,ʂɨta,ʂ ɨ t a,,Valenzuela2023,46,,^ ʂ ɨ t a $,default,,,**ʂɨ-
Maw-2_tooth-1,,Maw,2_tooth,ʂɨta,ʂɨta,ʂ ɨ t a,,Valenzuela2023,46,,^ ʂ ɨ t a $,default,,,**ʂɨ-
Yaw-2_tooth-1,,Yaw,2_tooth,ʂɨta,ʂɨta,ʂ ɨ t a,,Valenzuela2023,46,,^ ʂ ɨ t a $,default,,,**ʂɨ-
Kor-2_tooth-1,,Kor,2_tooth,ʂɨta,ʂɨta,ʂ ɨ t a,,Valenzuela2023,46,,^ ʂ ɨ t a $,default,,,**ʂɨ-
Mat-2_tooth-1,,Mat,2_tooth,ʂɨta,ʂɨta,ʂ ɨ t a,,Valenzuela2023,46,,^ ʂ ɨ t a $,default,,,**ʂɨ-
MatMay-2_tooth-1,,MatMay,2_tooth,ʂɨta,ʂɨta,ʂ ɨ t a,,Valenzuela2023,46,,^ ʂ ɨ t a $,default,,,**ʂɨ-
Shan-3_two-1,,Shan,3_two,rafu,rafu,r a f u,,Valenzuela2023,48,,^ r a f u $,default,,,**bɨta
Kat-3_two-1,,Kat,3_two,raβi,raβi,r a β i,,Valenzuela2023,48,,^ r a β i $,default,,,**bɨta
Poy-3_two-1,,Poy,3_two,raβu,raβu,r a β u,,Valenzuela2023,48,,^ r a β u $,default,,,**bɨta
Ama-3_two-1,,Ama,3_two,raβɨ,raβɨ,r a β ɨ,,Valenzuela2023,48,,^ r a β ɨ $,default,,,**bɨta
Maw-3_two-1,,Maw,3_two,raɸɨ,raɸɨ,r a ɸ ɨ,,Valenzuela2023,48,,^ r a ɸ ɨ $,default,,,**bɨta
Yaw-3_two-1,,Yaw,3_two,raβɨ,raβɨ,r a β ɨ,,Valenzuela2023,48,,^ r a β ɨ $,default,,,**bɨta
Kor-3_two-1,,Kor,3_two,ɬaβɨtpa,ɬaβɨtpa,ɬ a β ɨ t p a,,Valenzuela2023,48,,^ ɬ a β ɨ t p a $,default,,,**bɨta
Mat-3_two-1,,Mat,3_two,dabɨdpa,dabɨdpa,d a b ɨ d p a,,Valenzuela2023,48,,^ d a b ɨ d p a $,default,,,**bɨta
MatMay-3_two-1,,MatMay,3_two,daɨd,daɨd,d a ɨ d,,Valenzuela2023,48,,^ d a ɨ d $,default,,,**bɨta
Shan-4_liver-1,,Shan,4_liver,taka,taka,t a k a,,Valenzuela2023,34,,^ t a k a $,default,,,**takʷa
Kat-4_liver-1,,Kat,4_liver,taka,taka,t a k a,,Valenzuela2023,34,,^ t a k a $,default,,,**takʷa
Poy-4_liver-1,,Poy,4_liver,taka,taka,t a k a,,Valenzuela2023,34,,^ t a k a $,default,,,**takʷa
Ama-4_liver-1,,Ama,4_liver,taka,taka,t a k a,,Valenzuela2023,34,,^ t a k a $,default,,,**takʷa
HanKax-4_liver-1,,HanKax,4_liver,taka,taka,t a k a,,Valenzuela2023,34,,^ t a k a $,default,,,**takʷa
Maw-4_liver-1,,Maw,4_liver,taka,taka,t a k a,,Valenzuela2023,34,,^ t a k a $,default,,,**takʷa
Yaw-4_liver-1,,Yaw,4_liver,taka,taka,t a k a,,Valenzuela2023,34,,^ t a k a $,default,,,**takʷa
Kor-4_liver-1,,Kor,4_liver,takʷa,takʷa,t a kʷ a,,Valenzuela2023,34,,^ t a kʷ a $,default,,,**takʷa
Mat-4_liver-1,,Mat,4_liver,takua,takua,t a kʷ a,,Valenzuela2023,34,,^ t a kua $,default,,,**takʷa
MatMay-4_liver-1,,MatMay,4_liver,takʷa,takʷa,t a kʷ a,,Valenzuela2023,34,,^ t a kʷ a $,default,,,**takʷa
Shan-5_leaf-1,,Shan,5_leaf,pɨj,pɨj,p ɨ j,,Valenzuela2023,32,,^ p ɨ j $,default,,,**pɨʔi
Kat-5_leaf-1,,Kat,5_leaf,pɨi,pɨi,p ɨ i,,Valenzuela2023,32,,^ p ɨ i $,default,,,**pɨʔi
Poy-5_leaf-1,,Poy,5_leaf,puy,puy,p u j,,Valenzuela2023,32,,^ p u y $,default,,,**pɨʔi
Ama-5_leaf-1,,Ama,5_leaf,pɨʔi,pɨʔi,p ɨ ʔ i,,Valenzuela2023,32,,^ p ɨ ʔ i $,default,,,**pɨʔi
HanKax-5_leaf-1,,HanKax,5_leaf,pɨi,pɨi,p ɨ i,,Valenzuela2023,32,,^ p ɨ i $,default,,,**pɨʔi
Maw-5_leaf-1,,Maw,5_leaf,pɨi,pɨi,p ɨ i,,Valenzuela2023,32,,^ p ɨ i $,default,,,**pɨʔi
Yaw-5_leaf-1,,Yaw,5_leaf,pɨi,pɨi,p ɨ i,,Valenzuela2023,32,,^ p ɨ i $,default,,,**pɨʔi
Mat-5_leaf-1,,Mat,5_leaf,pɨi,pɨi,p ɨ i,,Valenzuela2023,32,,^ p ɨ i $,default,,,**pɨʔi
MatMay-5_leaf-1,,MatMay,5_leaf,pɨ,pɨ,p ɨ,,Valenzuela2023,32,,^ p ɨ $,default,,,**pɨʔi
Shan-6_bone-1,,Shan,6_bone,ʂaw,ʂaw,ʂ a w,"Shell (1975: 174, 398) and Oliveira (2014: 459, 398) reconstruct *ʂao. Kasharari presents the form ʂahu [ʂa'hwu] (Lanes 2005, in Oliveira 2014). For Matses/Mayoruna we consider as evidence the final consonant in mɨ-ʂ‘wrist bone’, taɨ-ʂ‘ankle bone’, and ʂomoʂ‘needle made of bone’ (Fleck et al. 2012).",Valenzuela2023,5,,^ ʂ a w $,default,,,ʂau
Kat-6_bone-1,,Kat,6_bone,ʃau,ʃau,ʃ a u,,Valenzuela2023,5,,^ ʃ a u $,default,,,**ʂau
Poy-6_bone-1,,Poy,6_bone,haw,haw,h a w,,Valenzuela2023,5,,^ h a w $,default,,,**ʂau
Ama-6_bone-1,,Ama,6_bone,xao,xao,x a o,,Valenzuela2023,5,,^ x a o $,default,,,**ʂau
HanKax-6_bone-1,,HanKax,6_bone,ʂau,ʂau,ʂ a u,,Valenzuela2023,5,,^ ʂ a u $,default,,,**ʂau
Maw-6_bone-1,,Maw,6_bone,ʂao,ʂao,ʂ a o,,Valenzuela2023,5,,^ ʂ a o $,default,,,**ʂau
Yaw-6_bone-1,,Yaw,6_bone,ʃau,ʃau,ʃ a u,,Valenzuela2023,5,,^ ʃ a u $,default,,,**ʂau
MatMay-6_bone-1,,MatMay,6_bone,"mɨ-ʂ,taɨ-ʂ,ʂomoʂ",mɨ,m ɨ,"'wrist bone','ankle bone','needle made of bone'",Valenzuela2023,5,,^ m ɨ $,default,,,**ʂau
Shan-7_tongue-1,,Shan,7_tongue,ana,ana,a n a,,Valenzuela2023,45,,^ a n a $,default,,,**hana
Kat-7_tongue-1,,Kat,7_tongue,ana,ana,a n a,,Valenzuela2023,45,,^ a n a $,default,,,**hana
Poy-7_tongue-1,,Poy,7_tongue,ãda,ãda,ã d a,,Valenzuela2023,45,,^ ã d a $,default,,,**hana
Ama-7_tongue-1,,Ama,7_tongue,hana,hana,h a n a,,Valenzuela2023,45,,^ h a n a $,default,,,**hana
HanKax-7_tongue-1,,HanKax,7_tongue,hana,hana,h a n a,,Valenzuela2023,45,,^ h a n a $,default,,,**hana
Maw-7_tongue-1,,Maw,7_tongue,ana,ana,a n a,,Valenzuela2023,45,,^ a n a $,default,,,**hana
Yaw-7_tongue-1,,Yaw,7_tongue,anna,anna,a n n a,,Valenzuela2023,45,,^ a n n a $,default,,,**hana
Kor-7_tongue-1,,Kor,7_tongue,ana,ana,a n a,,Valenzuela2023,45,,^ a n a $,default,,,**hana
Mat-7_tongue-1,,Mat,7_tongue,ana,ana,a n a,,Valenzuela2023,45,,^ a n a $,default,,,**hana
Ama-8_hand-1,,Ama,8_hand,mɨkɨ̃,mɨkɨ̃,m ɨ k ɨ̃,,Valenzuela2023,28,,^ m ɨ k ɨ̃ $,default,,,**mɨ-
HanKax-8_hand-1,,HanKax,8_hand,mɨkɨ̃,mɨkɨ̃,m ɨ k ɨ̃,,Valenzuela2023,28,,^ m ɨ k ɨ̃ $,default,,,**mɨ-
Maw-8_hand-1,,Maw,8_hand,mɨkɨ,mɨkɨ,m ɨ k ɨ,,Valenzuela2023,28,,^ m ɨ k ɨ $,default,,,**mɨ-
Mat-8_hand-1,,Mat,8_hand,mɨkɨn,mɨkɨn,m ɨ k ɨ n,,Valenzuela2023,28,,^ m ɨ k ɨ n $,default,,,**mɨ-
MatMay-8_hand-1,,MatMay,8_hand,mɨdante,mɨdante,m ɨ d a n t e,,Valenzuela2023,28,,^ m ɨ d a n t e $,default,,,**mɨ-
Shan-9_night-1,,Shan,9_night,yamɨ,yamɨ,j a m ɨ,,Valenzuela2023,38,,^ y a m ɨ $,default,,,**mɨta
Kat-9_night-1,,Kat,9_night,yamɨ,yamɨ,j a m ɨ,,Valenzuela2023,38,,^ y a m ɨ $,default,,,**mɨta
Poy-9_night-1,,Poy,9_night,iãvu,iãvu,i ã v u,,Valenzuela2023,38,,^ i ã v u $,default,,,**mɨta
Ama-9_night-1,,Ama,9_night,yamɨː,yamɨː,j a m ɨː,,Valenzuela2023,38,,^ y a m ɨː $,default,,,**mɨta
HanKax-9_night-1,,HanKax,9_night,yamɨ,yamɨ,j a m ɨ,,Valenzuela2023,38,,^ y a m ɨ $,default,,,**mɨta
Maw-9_night-1,,Maw,9_night,yamɨ,yamɨ,j a m ɨ,,Valenzuela2023,38,,^ y a m ɨ $,default,,,**mɨta
Yaw-9_night-1,,Yaw,9_night,iamɨ,iamɨ,i a m ɨ,,Valenzuela2023,38,,^ i a m ɨ $,default,,,**mɨta
Kor-9_night-1,,Kor,9_night,imɨt,imɨt,i m ɨ t,,Valenzuela2023,38,,^ i m ɨ t $,default,,,**mɨta
Mat-9_night-1,,Mat,9_night,imɨd,imɨd,i m ɨ d,,Valenzuela2023,38,,^ i m ɨ d $,default,,,**mɨta
Shan-10_skin-1,,Shan,10_skin,fitʃi,fitʃi,f i tʃ i,,Valenzuela2023,41,,^ f i tʃ i $,default,,,**bitsi
HanKax-10_skin-1,,HanKax,10_skin,bitʃi,bitʃi,b i tʃ i,,Valenzuela2023,41,,^ b i tʃ i $,default,,,**bitsi
Maw-10_skin-1,,Maw,10_skin,ɸitʃi,ɸitʃi,ɸ i tʃ i,,Valenzuela2023,41,,^ ɸ i tʃ i $,default,,,**bitsi
Yaw-10_skin-1,,Yaw,10_skin,βɨtʃi,βɨtʃi,β ɨ tʃ i,,Valenzuela2023,41,,^ β ɨ tʃ i $,default,,,**bitsi
Mat-10_skin-1,,Mat,10_skin,bitsi,bitsi,b i ts i,,Valenzuela2023,41,,^ b i ts i $,default,,,**bitsi
MatMay-10_skin-1,,MatMay,10_skin,bitsi,bitsi,b i ts i,,Valenzuela2023,41,,^ b i ts i $,default,,,**bitsi
Shan-11_fire-1,,Shan,11_fire,tʃi,tʃi,tʃ i,,Valenzuela2023,23,,^ tʃ i $,default,,,**tsiʔi
Kat-11_fire-1,,Kat,11_fire,tʃii,tʃii,tʃ i i,,Valenzuela2023,23,,^ tʃ i i $,default,,,**tsiʔi
Ama-11_fire-1,,Ama,11_fire,tʃiʔi,tʃiʔi,tʃ i ʔ i,,Valenzuela2023,23,,^ tʃ i ʔ i $,default,,,**tsiʔi
HanKax-11_fire-1,,HanKax,11_fire,tʃi,tʃi,tʃ i,,Valenzuela2023,23,,^ tʃ i $,default,,,**tsiʔi
Maw-11_fire-1,,Maw,11_fire,tʃi,tʃi,tʃ i,,Valenzuela2023,23,,^ tʃ i $,default,,,**tsiʔi
Yaw-11_fire-1,,Yaw,11_fire,tʃi,tʃi,tʃ i,,Valenzuela2023,23,,^ tʃ i $,default,,,**tsiʔi
Kat-12_knee-1,,Kat,12_knee,raβɨʂo,raβɨʂo,r a β ɨ ʂ o,,Valenzuela2023,31,,^ r a β ɨ ʂ o $,default,,,**da-n
Ama-12_knee-1,,Ama,12_knee,rawoxko,rawoxko,r a w o x k o,,Valenzuela2023,31,,^ r a w o x k o $,default,,,**da-n
Shan-13_blood-1,,Shan,13_blood,imi,imi,i m i,,Valenzuela2023,4,,^ i m i $,default,,,**hemi
Kat-13_blood-1,,Kat,13_blood,himi,himi,h i m i,,Valenzuela2023,4,,^ h i m i $,default,,,**hemi
Poy-13_blood-1,,Poy,13_blood,ibi,ibi,i b i,,Valenzuela2023,4,,^ i b i $,default,,,**hemi
Ama-13_blood-1,,Ama,13_blood,himi,himi,h i m i,,Valenzuela2023,4,,^ h i m i $,default,,,**hemi
HanKax-13_blood-1,,HanKax,13_blood,himi,himi,h i m i,,Valenzuela2023,4,,^ h i m i $,default,,,**hemi
Maw-13_blood-1,,Maw,13_blood,imi,imi,i m i,,Valenzuela2023,4,,^ i m i $,default,,,**hemi
Yaw-13_blood-1,,Yaw,13_blood,imi,imi,i m i,,Valenzuela2023,4,,^ i m i $,default,,,**hemi
Kor-13_blood-1,,Kor,13_blood,inta,inta,i n t a,,Valenzuela2023,4,,^ i n t a $,default,,,**hemi
Mat-13_blood-1,,Mat,13_blood,imi,imi,i m i,,Valenzuela2023,4,,^ i m i $,default,,,**hemi
MatMay-13_blood-1,,MatMay,13_blood,imi,imi,i m i,,Valenzuela2023,4,,^ i m i $,default,,,**hemi
Shan-14_breast-1,,Shan,14_breast,ʂuma,ʂuma,ʂ u m a,,Valenzuela2023,6,,^ ʂ u m a $,default,,,**aṣu
Kat-14_breast-1,,Kat,14_breast,ʃuma,ʃuma,ʃ u m a,,Valenzuela2023,6,,^ ʃ u m a $,default,,,**aṣu
Poy-14_breast-1,,Poy,14_breast,hũba,hũba,h ũ b a,,Valenzuela2023,6,,^ h ũ b a $,default,,,**aṣu
Ama-14_breast-1,,Ama,14_breast,xoma,xoma,x o m a,,Valenzuela2023,6,,^ x o m a $,default,,,**aṣu
HanKax-14_breast-1,,HanKax,14_breast,ʂuma,ʂuma,ʂ u m a,,Valenzuela2023,6,,^ ʂ u m a $,default,,,**aṣu
Maw-14_breast-1,,Maw,14_breast,ʂoma,ʂoma,ʂ o m a,,Valenzuela2023,6,,^ ʂ o m a $,default,,,**aṣu
Yaw-14_breast-1,,Yaw,14_breast,ʃuma,ʃuma,ʃ u m a,,Valenzuela2023,6,,^ ʃ u m a $,default,,,**aṣu
Kor-14_breast-1,,Kor,14_breast,ʂuma,ʂuma,ʂ u m a,,Valenzuela2023,6,,^ ʂ u m a $,default,,,**aṣu
Mat-14_breast-1,,Mat,14_breast,ʂuma,ʂuma,ʂ u m a,,Valenzuela2023,6,,^ ʂ u m a $,default,,,**aṣu
MatMay-14_breast-1,,MatMay,14_breast,ʂuma,ʂuma,ʂ u m a,,Valenzuela2023,6,,^ ʂ u m a $,default,,,**aṣu
Shan-15_sun-1,,Shan,15_sun,faɾi,faɾi,f a ɾ i,,Valenzuela2023,42,,^ f a ɾ i $,default,,,**badi
Kat-15_sun-1,,Kat,15_sun,βaɾi,βaɾi,β a ɾ i,,Valenzuela2023,42,,^ β a ɾ i $,default,,,**badi
Poy-15_sun-1,,Poy,15_sun,βaɾi,βaɾi,β a ɾ i,,Valenzuela2023,42,,^ β a ɾ i $,default,,,**badi
Ama-15_sun-1,,Ama,15_sun,bari,bari,b a r i,,Valenzuela2023,42,,^ b a r i $,default,,,**badi
HanKax-15_sun-1,,HanKax,15_sun,badi,badi,b a d i,,Valenzuela2023,42,,^ b a d i $,default,,,**badi
Maw-15_sun-1,,Maw,15_sun,ɸaɾi,ɸaɾi,ɸ a ɾ i,,Valenzuela2023,42,,^ ɸ a ɾ i $,default,,,**badi
Yaw-15_sun-1,,Yaw,15_sun,βaɾi,βaɾi,β a ɾ i,,Valenzuela2023,42,,^ β a ɾ i $,default,,,**badi
Kor-15_sun-1,,Kor,15_sun,βaɬi,βaɬi,β a ɬ i,,Valenzuela2023,42,,^ β a ɬ i $,default,,,**badi
Mat-15_sun-1,,Mat,15_sun,badi,badi,b a d i,,Valenzuela2023,42,,^ b a d i $,default,,,**badi
MatMay-15_sun-1,,MatMay,15_sun,badiad,badiad,b a d i a d,,Valenzuela2023,42,,^ b a d i a d $,default,,,**badi
Ama-16_you-1,,Ama,16_you,miya,miya,m i j a,,Valenzuela2023,49,,^ m i y a $,default,,,**mi
HanKax-16_you-1,,HanKax,16_you,mia,mia,m i a,,Valenzuela2023,49,,^ m i a $,default,,,**mi
Maw-16_you-1,,Maw,16_you,mia,mia,m i a,,Valenzuela2023,49,,^ m i a $,default,,,**mi
Kor-16_you-1,,Kor,16_you,mi,mi,m i,,Valenzuela2023,49,,^ m i $,default,,,**mi
Mat-16_you-1,,Mat,16_you,"mi (minbi,mibi,min)",mi_,m i,,Valenzuela2023,49,,^ m i _$,default,,,**mi
MatMay-16_you-1,,MatMay,16_you,"mi (minbi,mibi,min)",mi_,m i,,Valenzuela2023,49,,^ m i _$,default,,,**mi
Ama-17_come-1,,Ama,17_come,βɨ-,βɨ,β ɨ,,Valenzuela2023,11,,^ β ɨ $,default,,,**bɨ-
HanKax-17_come-1,,HanKax,17_come,bɨ-,bɨ,b ɨ,,Valenzuela2023,11,,^ b ɨ $,default,,,**bɨ-
Maw-17_come-1,,Maw,17_come,ɸɨ-,ɸɨ,ɸ ɨ,,Valenzuela2023,11,,^ ɸ ɨ $,default,,,**bɨ-
Yaw-17_come-1,,Yaw,17_come,βɨ-,βɨ,β ɨ,,Valenzuela2023,11,,^ β ɨ $,default,,,**bɨ-
Kor-17_come-1,,Kor,17_come,βɨ-,βɨ,β ɨ,,Valenzuela2023,11,,^ β ɨ $,default,,,**bɨ-
Mat-17_come-1,,Mat,17_come,βɨ-,βɨ,β ɨ,,Valenzuela2023,11,,^ β ɨ $,default,,,**bɨ-
MatMay-17_come-1,,MatMay,17_come,bɨ-,bɨ,b ɨ,,Valenzuela2023,11,,^ b ɨ $,default,,,**bɨ-
Ama-18_i-1,,Ama,18_i,ɨ,ɨ,ɨ,,Valenzuela2023,29,,^ ɨ $,default,,,**ʔɨ
HanKax-18_i-1,,HanKax,18_i,ɨ,ɨ,ɨ,,Valenzuela2023,29,,^ ɨ $,default,,,**ʔɨ
Maw-18_i-1,,Maw,18_i,ɨ,ɨ,ɨ,,Valenzuela2023,29,,^ ɨ $,default,,,**ʔɨ
Shan-19_flesh-1,,Shan,19_flesh,nami,nami,n a m i,,Valenzuela2023,24,,^ n a m i $,default,,,**Nami
Kat-19_flesh-1,,Kat,19_flesh,nami,nami,n a m i,,Valenzuela2023,24,,^ n a m i $,default,,,**Nami
Poy-19_flesh-1,,Poy,19_flesh,nãbi,nãbi,n ã b i,,Valenzuela2023,24,,^ n ã b i $,default,,,**Nami
Ama-19_flesh-1,,Ama,19_flesh,nami,nami,n a m i,,Valenzuela2023,24,,^ n a m i $,default,,,**Nami
HanKax-19_flesh-1,,HanKax,19_flesh,nami,nami,n a m i,,Valenzuela2023,24,,^ n a m i $,default,,,**Nami
Maw-19_flesh-1,,Maw,19_flesh,nami,nami,n a m i,,Valenzuela2023,24,,^ n a m i $,default,,,**Nami
Yaw-19_flesh-1,,Yaw,19_flesh,nami,nami,n a m i,,Valenzuela2023,24,,^ n a m i $,default,,,**Nami
Mat-19_flesh-1,,Mat,19_flesh,nami,nami,n a m i,,Valenzuela2023,24,,^ n a m i $,default,,,**Nami
MatMay-19_flesh-1,,MatMay,19_flesh,nami,nami,n a m i,,Valenzuela2023,24,,^ n a m i $,default,,,**Nami
Shan-20_fat-1,,Shan,20_fat,ʂɨni,ʂɨni,ʂ ɨ n i,,Valenzuela2023,21,,^ ʂ ɨ n i $,default,,,**ʂɨNi
Kat-20_fat-1,,Kat,20_fat,ʃɨni,ʃɨni,ʃ ɨ n i,,Valenzuela2023,21,,^ ʃ ɨ n i $,default,,,**ʂɨNi
Poy-20_fat-1,,Poy,20_fat,hãdi,hãdi,h ã d i,,Valenzuela2023,21,,^ h ã d i $,default,,,**ʂɨNi
Ama-20_fat-1,,Ama,20_fat,xɨni,xɨni,x ɨ n i,,Valenzuela2023,21,,^ x ɨ n i $,default,,,**ʂɨNi
HanKax-20_fat-1,,HanKax,20_fat,ʂɨni,ʂɨni,ʂ ɨ n i,,Valenzuela2023,21,,^ ʂ ɨ n i $,default,,,**ʂɨNi
Maw-20_fat-1,,Maw,20_fat,ʂɨni,ʂɨni,ʂ ɨ n i,,Valenzuela2023,21,,^ ʂ ɨ n i $,default,,,**ʂɨNi
Yaw-20_fat-1,,Yaw,20_fat,ʂɨni,ʂɨni,ʂ ɨ n i,,Valenzuela2023,21,,^ ʂ ɨ n i $,default,,,**ʂɨNi
Kor-20_fat-1,,Kor,20_fat,ʃɨni,ʃɨni,ʃ ɨ n i,,Valenzuela2023,21,,^ ʃ ɨ n i $,default,,,**ʂɨNi
Mat-20_fat-1,,Mat,20_fat,ʂɨni,ʂɨni,ʂ ɨ n i,,Valenzuela2023,21,,^ ʂ ɨ n i $,default,,,**ʂɨNi
Shan-21_fingernail-1,,Shan,21_fingernail,mɨtʃiʃi,mɨtʃiʃi,m ɨ tʃ i ʃ i,,Valenzuela2023,22,,^ m ɨ tʃ i ʃ i $,default,,,**mɨ-tsizi
Kat-21_fingernail-1,,Kat,21_fingernail,mɨ̃tʃiʃi,mɨ̃tʃiʃi,m ɨ̃ tʃ i ʃ i,,Valenzuela2023,22,,^ m ɨ̃ tʃ i ʃ i $,default,,,**mɨ-tsizi
Ama-21_fingernail-1,,Ama,21_fingernail,mɨntsis,mɨntsis,m ɨ n ts i s,,Valenzuela2023,22,,^ m ɨ n ts i s $,default,,,**mɨ-tsizi
HanKax-21_fingernail-1,,HanKax,21_fingernail,mɨ̃tsis,mɨ̃tsis,m ɨ̃ ts i s,,Valenzuela2023,22,,^ m ɨ̃ ts i s $,default,,,**mɨ-tsizi
Maw-21_fingernail-1,,Maw,21_fingernail,mɨ̃tsisi,mɨ̃tsisi,m ɨ̃ ts i s i,,Valenzuela2023,22,,^ m ɨ̃ ts i s i $,default,,,**mɨ-tsizi
Yaw-21_fingernail-1,,Yaw,21_fingernail,mɨtsisi,mɨtsisi,m ɨ ts i s i,,Valenzuela2023,22,,^ m ɨ ts i s i $,default,,,**mɨ-tsizi
Kor-21_fingernail-1,,Kor,21_fingernail,mɨtʃiun,mɨtʃiun,m ɨ tʃ i u n,,Valenzuela2023,22,,^ m ɨ tʃ i u n $,default,,,**mɨ-tsizi
Mat-21_fingernail-1,,Mat,21_fingernail,mɨntis,mɨntis,m ɨ n t i s,,Valenzuela2023,22,,^ m ɨ n t i s $,default,,,**mɨ-tsizi
MatMay-21_fingernail-1,,MatMay,21_fingernail,mɨntsis,mɨntsis,m ɨ n ts i s,,Valenzuela2023,22,,^ m ɨ n ts i s $,default,,,**mɨ-tsizi
Shan-22_footleg-1,,Shan,22_footleg,taɨ,taɨ,t a ɨ,,Valenzuela2023,25,,^ t a ɨ $,default,,,**ta-
Kat-22_footleg-1,,Kat,22_footleg,taɨ,taɨ,t a ɨ,,Valenzuela2023,25,,^ t a ɨ $,default,,,**ta-
Poy-22_footleg-1,,Poy,22_footleg,tay,tay,t a j,,Valenzuela2023,25,,^ t a y $,default,,,**ta-
Ama-22_footleg-1,,Ama,22_footleg,taʔɨ,taʔɨ,t a ʔ ɨ,,Valenzuela2023,25,,^ t a ʔ ɨ $,default,,,**ta-
HanKax-22_footleg-1,,HanKax,22_footleg,taɨ,taɨ,t a ɨ,,Valenzuela2023,25,,^ t a ɨ $,default,,,**ta-
Maw-22_footleg-1,,Maw,22_footleg,taɨ,taɨ,t a ɨ,,Valenzuela2023,25,,^ t a ɨ $,default,,,**ta-
Yaw-22_footleg-1,,Yaw,22_footleg,tai,tai,t a i,,Valenzuela2023,25,,^ t a i $,default,,,**ta-
Kor-22_footleg-1,,Kor,22_footleg,taɨ,taɨ,t a ɨ,,Valenzuela2023,25,,^ t a ɨ $,default,,,**ta-
Mat-22_footleg-1,,Mat,22_footleg,taɨ,taɨ,t a ɨ,,Valenzuela2023,25,,^ t a ɨ $,default,,,**ta-
MatMay-22_footleg-1,,MatMay,22_footleg,taɨ,taɨ,t a ɨ,,Valenzuela2023,25,,^ t a ɨ $,default,,,**ta-
HanKax-23_lipedge-1,,HanKax,23_lipedge,kɨbitʃi,kɨbitʃi,k ɨ b i tʃ i,,Valenzuela2023,33,,^ k ɨ b i tʃ i $,default,,,**kʷɨ~kɨ-
MatMay-23_lipedge-1,,MatMay,23_lipedge,kwibi,kwibi,kʷ i b i,,Valenzuela2023,33,,^ kwi b i $,default,,,**kʷɨ~kɨ-
Kat-24_cheek-1,,Kat,24_cheek,tamu,tamu,t a m u,,Valenzuela2023,10,,^ t a m u $,default,,,**tamu
Poy-24_cheek-1,,Poy,24_cheek,tãbu,tãbu,t ã b u,,Valenzuela2023,10,,^ t ã b u $,default,,,**tamu
Ama-24_cheek-1,,Ama,24_cheek,tamo,tamo,t a m o,,Valenzuela2023,10,,^ t a m o $,default,,,**tamu
HanKax-24_cheek-1,,HanKax,24_cheek,tamu,tamu,t a m u,,Valenzuela2023,10,,^ t a m u $,default,,,**tamu
Maw-24_cheek-1,,Maw,24_cheek,tamo,tamo,t a m o,,Valenzuela2023,10,,^ t a m o $,default,,,**tamu
MatMay-24_cheek-1,,MatMay,24_cheek,tambu,tambu,t a m b u,'beard',Valenzuela2023,10,,^ t a m b u $,default,,,**tamu
Shan-25_mouth-1,,Shan,25_mouth,kɨʂa,kɨʂa,k ɨ ʂ a,,Valenzuela2023,36,,^ k ɨ ʂ a $,default,,,**kʷeʂa
Kat-25_mouth-1,,Kat,25_mouth,kɨʂa,kɨʂa,k ɨ ʂ a,,Valenzuela2023,36,,^ k ɨ ʂ a $,default,,,**kʷeʂa
Poy-25_mouth-1,,Poy,25_mouth,kɨxaa,kɨxaa,k ɨ x a a,,Valenzuela2023,36,,^ k ɨ x a a $,default,,,**kʷeʂa
Ama-25_mouth-1,,Ama,25_mouth,kɨʂa,kɨʂa,k ɨ ʂ a,,Valenzuela2023,36,,^ k ɨ ʂ a $,default,,,**kʷeʂa
HanKax-25_mouth-1,,HanKax,25_mouth,kɨʂ̃a,kɨʂ̃a,k ɨ ʂ ã,,Valenzuela2023,36,,^ k ɨ ʂ̃a $,default,,,**kʷeʂa
Maw-25_mouth-1,,Maw,25_mouth,kɨʃa,kɨʃa,k ɨ ʃ a,,Valenzuela2023,36,,^ k ɨ ʃ a $,default,,,**kʷeʂa
Yaw-25_mouth-1,,Yaw,25_mouth,kɨha,kɨha,k ɨ h a,,Valenzuela2023,36,,^ k ɨ h a $,default,,,**kʷeʂa
Ama-26_elbow-1,,Ama,26_elbow,vapoxko,vapoxko,v a p o x k o,,Valenzuela2023,20,,^ v a p o x k o $,default,,,**baṣu
HanKax-26_elbow-1,,HanKax,26_elbow,baʂtunku,baʂtunku,b a ʂ t u n k u,,Valenzuela2023,20,,^ b a ʂ t u n k u $,default,,,**baṣu
Mat-26_elbow-1,,Mat,26_elbow,mɨntʂinβuru,mɨntʂinβuru,m ɨ n tʂ i n β u r u,,Valenzuela2023,20,,^ m ɨ n tʂ i n β u r u $,default,,,**baṣu
MatMay-26_elbow-1,,MatMay,26_elbow,mɨntsimpis,mɨntsimpis,m ɨ n ts i m p i s,,Valenzuela2023,20,,^ m ɨ n ts i m p i s $,default,,,**baṣu
ProTa-1_tree-1,,ProTa,1_tree,akʷi,akʷi,a kʷ i,,Valenzuela2023,47,,^ a kʷ i $,default,,,hegʷi
Tac-1_tree-1,,Tac,1_tree,aki,aki,a k i,,Valenzuela2023,47,,^ a k i $,default,,,hegʷi
ReyMar-1_tree-1,,ReyMar,1_tree,-/ekená,ekená,e k e n á/a,,Valenzuela2023,47,,^ e k e n á $,default,,,hegʷi
Aro-1_tree-1,,Aro,1_tree,acui,acui,a kʷ i,,Valenzuela2023,47,,^ a cui $,default,,,hegʷi
Mab-1_tree-1,,Mab,1_tree,akwi,akwi,a kʷ i,,Valenzuela2023,47,,^ a kwi $,default,,,hegʷi
Cav-1_tree-1,,Cav,1_tree,akwi,akwi,a kʷ i,,Valenzuela2023,47,,^ a kwi $,default,,,hegʷi
Ese-1_tree-1,,Ese,1_tree,akwi,akwi,a kʷ i,,Valenzuela2023,47,,^ a kwi $,default,,,hegʷi
War-1_tree-1,,War,1_tree,akwi,akwi,a kʷ i,,Valenzuela2023,47,,^ a kwi $,default,,,hegʷi
Ara-1_tree-1,,Ara,1_tree,akui,akui,a kʷ i,,Valenzuela2023,47,,^ a kui $,default,,,hegʷi
ProTa-2_tooth-1,,ProTa,2_tooth,e-ce,e,e,,Valenzuela2023,46,,^ e $,default,,,**ʂɨ-
ReyMar-2_tooth-1,,ReyMar,2_tooth,e-ce/etre,e,e,,Valenzuela2023,46,,^ e $,default,,,**ʂɨ-
Sap-2_tooth-1,,Sap,2_tooth,echee,echee,e tʃ e e,,Valenzuela2023,46,,^ e ch e e $,default,,,**ʂɨ-
Mab-2_tooth-1,,Mab,2_tooth,itsi,itsi,i ts i,,Valenzuela2023,46,,^ i ts i $,default,,,**ʂɨ-
Cav-2_tooth-1,,Cav,2_tooth,e-ce,e,e,,Valenzuela2023,46,,^ e $,default,,,**ʂɨ-
Ese-2_tooth-1,,Ese,2_tooth,e-se,e,e,,Valenzuela2023,46,,^ e $,default,,,**ʂɨ-
War-2_tooth-1,,War,2_tooth,e-sé,e,e,,Valenzuela2023,46,,^ e $,default,,,**ʂɨ-
Tia-2_tooth-1,,Tia,2_tooth,ese,ese,e s e,,Valenzuela2023,46,,^ e s e $,default,,,**ʂɨ-
Cham-2_tooth-1,,Cham,2_tooth,e-sé,e,e,,Valenzuela2023,46,,^ e $,default,,,**ʂɨ-
Ara-2_tooth-1,,Ara,2_tooth,ese,ese,e s e,,Valenzuela2023,46,,^ e s e $,default,,,**ʂɨ-
ProTa-3_two-1,,ProTa,3_two,beta,beta,b e t a,,Valenzuela2023,48,,^ b e t a $,default,,,**bɨta
Tac-3_two-1,,Tac,3_two,beta,beta,b e t a,,Valenzuela2023,48,,^ b e t a $,default,,,**bɨta
ReyMar-3_two-1,,ReyMar,3_two,mbeta/beta,mbeta,m b e t a,,Valenzuela2023,48,,^ m b e t a $,default,,,**bɨta
Sap-3_two-1,,Sap,3_two,beta,beta,b e t a,,Valenzuela2023,48,,^ b e t a $,default,,,**bɨta
Aro-3_two-1,,Aro,3_two,beta,beta,b e t a,,Valenzuela2023,48,,^ b e t a $,default,,,**bɨta
Cav-3_two-1,,Cav,3_two,beta,beta,b e t a,,Valenzuela2023,48,,^ b e t a $,default,,,**bɨta
Ese-3_two-1,,Ese,3_two,beka,beka,b e k a,,Valenzuela2023,48,,^ b e k a $,default,,,**bɨta
War-3_two-1,,War,3_two,beabué,beabué,b e a b u é/e,,Valenzuela2023,48,,^ b e a b u é $,default,,,**bɨta
Tia-3_two-1,,Tia,3_two,bikapiai,bikapiai,b i k a p i a i,,Valenzuela2023,48,,^ b i k a p i a i $,default,,,**bɨta
Cham-3_two-1,,Cham,3_two,béka,béka,b é/e k a,,Valenzuela2023,48,,^ b é k a $,default,,,**bɨta
ProTa-4_liver-1,,ProTa,4_liver,takʷa,takʷa,t a kʷ a,,Valenzuela2023,34,,^ t a kʷ a $,default,,,**takʷa
Tac-4_liver-1,,Tac,4_liver,e-takwa,e,e,,Valenzuela2023,34,,^ e $,default,,,**takʷa
ReyMar-4_liver-1,,ReyMar,4_liver,e-takwa/-,e,e,,Valenzuela2023,34,,^ e $,default,,,**takʷa
Cav-4_liver-1,,Cav,4_liver,e-takwa,e,e,,Valenzuela2023,34,,^ e $,default,,,**takʷa
Ese-4_liver-1,,Ese,4_liver,e-kakwa,e,e,,Valenzuela2023,34,,^ e $,default,,,**takʷa
War-4_liver-1,,War,4_liver,e-takwe,e,e,,Valenzuela2023,34,,^ e $,default,,,**takʷa
Ara-4_liver-1,,Ara,4_liver,etákua,etákua,e t á/a kʷ a,,Valenzuela2023,34,,^ e t á kua $,default,,,**takʷa
ProTa-27_tofan-1,,ProTa,27_tofan,pei,pei,p e i,,Valenzuela2023,44,,^ p e i $,default,,,**pɨʔi
Cav-27_tofan-1,,Cav,27_tofan,pei-,pei,p e i,,Valenzuela2023,44,,^ p e i $,default,,,**pɨʔi
Ese-27_tofan-1,,Ese,27_tofan,e-pexi,e,e,,Valenzuela2023,44,,^ e $,default,,,**pɨʔi
War-27_tofan-1,,War,27_tofan,pio-,pio,p i o,,Valenzuela2023,44,,^ p i o $,default,,,**pɨʔi
ProTa-6_bone-1,,ProTa,6_bone,tʂau,tʂau,tʂ a u,,Valenzuela2023,5,,^ tʂ a u $,default,,,**ʂau
Tac-6_bone-1,,Tac,6_bone,e-cau,e,e,,Valenzuela2023,5,,^ e $,default,,,**ʂau
ReyMar-6_bone-1,,ReyMar,6_bone,e-cao/etrá,e,e,,Valenzuela2023,5,,^ e $,default,,,**ʂau
Cav-6_bone-1,,Cav,6_bone,e-cao,e,e,,Valenzuela2023,5,,^ e $,default,,,**ʂau
Ese-6_bone-1,,Ese,6_bone,e-sá,e,e,,Valenzuela2023,5,,^ e $,default,,,**ʂau
War-6_bone-1,,War,6_bone,e-sá,e,e,,Valenzuela2023,5,,^ e $,default,,,**ʂau
ProTa-7_tongue-1,,ProTa,7_tongue,ana,ana,a n a,,Valenzuela2023,45,,^ a n a $,default,,,**hana
Tac-7_tongue-1,,Tac,7_tongue,y-ana,y,j,,Valenzuela2023,45,,^ y $,default,,,**hana
ReyMar-7_tongue-1,,ReyMar,7_tongue,y-ana/eana,y,j,,Valenzuela2023,45,,^ y $,default,,,**hana
Sap-7_tongue-1,,Sap,7_tongue,eana,eana,e a n a,,Valenzuela2023,45,,^ e a n a $,default,,,**hana
Cav-7_tongue-1,,Cav,7_tongue,y-ana,y,j,,Valenzuela2023,45,,^ y $,default,,,**hana
Ese-7_tongue-1,,Ese,7_tongue,eyana,eyana,e j a n a,,Valenzuela2023,45,,^ e y a n a $,default,,,**hana
War-7_tongue-1,,War,7_tongue,y-ana,y,j,,Valenzuela2023,45,,^ y $,default,,,**hana
Tia-7_tongue-1,,Tia,7_tongue,yana,yana,j a n a,,Valenzuela2023,45,,^ y a n a $,default,,,**hana
Ara-7_tongue-1,,Ara,7_tongue,eána,eána,e á/a n a,,Valenzuela2023,45,,^ e á n a $,default,,,**hana
ProTa-8_hand-1,,ProTa,8_hand,me-,me,m e,,Valenzuela2023,28,,^ m e $,default,,,**mɨ-
Tac-8_hand-1,,Tac,8_hand,e-me,e,e,,Valenzuela2023,28,,^ e $,default,,,**mɨ-
ReyMar-8_hand-1,,ReyMar,8_hand,-/emechuja,emechuja,e m e tʃ u j a,,Valenzuela2023,28,,^ e m e ch u j a $,default,,,**mɨ-
Sap-8_hand-1,,Sap,8_hand,eme,eme,e m e,,Valenzuela2023,28,,^ e m e $,default,,,**mɨ-
Aro-8_hand-1,,Aro,8_hand,eme,eme,e m e,,Valenzuela2023,28,,^ e m e $,default,,,**mɨ-
Cav-8_hand-1,,Cav,8_hand,e-me,e,e,,Valenzuela2023,28,,^ e $,default,,,**mɨ-
Ese-8_hand-1,,Ese,8_hand,e-me,e,e,,Valenzuela2023,28,,^ e $,default,,,**mɨ-
War-8_hand-1,,War,8_hand,e-mé,e,e,,Valenzuela2023,28,,^ e $,default,,,**mɨ-
Ara-8_hand-1,,Ara,8_hand,emã,emã,e m ã,,Valenzuela2023,28,,^ e m ã $,default,,,**mɨ-
ProTa-28_nighttomorrow-1,,ProTa,28_nighttomorrow,meta,meta,m e t a,,Valenzuela2023,39,,^ m e t a $,default,,,**mɨta
Tac-28_nighttomorrow-1,,Tac,28_nighttomorrow,mueta,mueta,m u e t a,,Valenzuela2023,39,,^ m u e t a $,default,,,**mɨta
ReyMar-28_nighttomorrow-1,,ReyMar,28_nighttomorrow,-/maita,maita,m a i t a,,Valenzuela2023,39,,^ m a i t a $,default,,,**mɨta
Sap-28_nighttomorrow-1,,Sap,28_nighttomorrow,maetahe,maetahe,m a e t a h e,,Valenzuela2023,39,,^ m a e t a h e $,default,,,**mɨta
Cav-28_nighttomorrow-1,,Cav,28_nighttomorrow,meta,meta,m e t a,,Valenzuela2023,39,,^ m e t a $,default,,,**mɨta
Ese-28_nighttomorrow-1,,Ese,28_nighttomorrow,meka-waxe,meka,m e k a,,Valenzuela2023,39,,^ m e k a $,default,,,**mɨta
Ara-28_nighttomorrow-1,,Ara,28_nighttomorrow,eméte,eméte,e m é/e t e,,Valenzuela2023,39,,^ e m é t e $,default,,,**mɨta
ProTa-10_skin-1,,ProTa,10_skin,biti,biti,b i t i,,Valenzuela2023,41,,^ b i t i $,default,,,**bitsi
Tac-10_skin-1,,Tac,10_skin,e-biti,e,e,,Valenzuela2023,41,,^ e $,default,,,**bitsi
ReyMar-10_skin-1,,ReyMar,10_skin,e-mbiti/embiti,e,e,,Valenzuela2023,41,,^ e $,default,,,**bitsi
Cav-10_skin-1,,Cav,10_skin,e-biti,e,e,,Valenzuela2023,41,,^ e $,default,,,**bitsi
ProTa-11_fire-1,,ProTa,11_fire,ti,ti,t i,,Valenzuela2023,23,,^ t i $,default,,,**tsiʔi
Tac-11_fire-1,,Tac,11_fire,e-ti-ře,e,e,,Valenzuela2023,23,,^ e $,default,,,**tsiʔi
ReyMar-11_fire-1,,ReyMar,11_fire,-ti-/-,ti,t i,,Valenzuela2023,23,,^ t i $,default,,,**tsiʔi
Aro-11_fire-1,,Aro,11_fire,etesi,etesi,e t e s i,,Valenzuela2023,23,,^ e t e s i $,default,,,**tsiʔi
Cav-11_fire-1,,Cav,11_fire,e-tiki,e,e,,Valenzuela2023,23,,^ e $,default,,,**tsiʔi
ProTa-12_knee-1,,ProTa,12_knee,da,da,d a,,Valenzuela2023,31,,^ d a $,default,,,**da-n
Tac-12_knee-1,,Tac,12_knee,e-ma-da-cua,e,e,,Valenzuela2023,31,,^ e $,default,,,**da-n
ProTa-13_blood-1,,ProTa,13_blood,ami,ami,a m i,,Valenzuela2023,4,,^ a m i $,default,,,**hemi
Tac-13_blood-1,,Tac,13_blood,ami,ami,a m i,,Valenzuela2023,4,,^ a m i $,default,,,**hemi
ReyMar-13_blood-1,,ReyMar,13_blood,ami/ami,ami,a m i,,Valenzuela2023,4,,^ a m i $,default,,,**hemi
Cav-13_blood-1,,Cav,13_blood,ami,ami,a m i,,Valenzuela2023,4,,^ a m i $,default,,,**hemi
ProTa-14_breast-1,,ProTa,14_breast,aṭṣu,aṭṣu,a ts u,,Valenzuela2023,6,,^ a ṭṣ u $,default,,,**aṣu
ProTa-29_moon-1,,ProTa,29_moon,badi,badi,b a d i,,Valenzuela2023,35,,^ b a d i $,default,,,**badi
Tac-29_moon-1,,Tac,29_moon,badi,badi,b a d i,,Valenzuela2023,35,,^ b a d i $,default,,,**badi
ReyMar-29_moon-1,,ReyMar,29_moon,mbandzi/bansri,mbandzi,m b a n dz i,,Valenzuela2023,35,,^ m b a n dz i $,default,,,**badi
Sap-29_moon-1,,Sap,29_moon,bari,bari,b a r i,,Valenzuela2023,35,,^ b a r i $,default,,,**badi
Aro-29_moon-1,,Aro,29_moon,badi,badi,b a d i,,Valenzuela2023,35,,^ b a d i $,default,,,**badi
Cav-29_moon-1,,Cav,29_moon,badi,badi,b a d i,,Valenzuela2023,35,,^ b a d i $,default,,,**badi
Ese-29_moon-1,,Ese,29_moon,baʔi,baʔi,b a ʔ i,,Valenzuela2023,35,,^ b a ʔ i $,default,,,**badi
Cham-29_moon-1,,Cham,29_moon,mái,mái,m á/a i,,Valenzuela2023,35,,^ m á i $,default,,,**badi
ProTa-16_you-1,,ProTa,16_you,mi,mi,m i,,Valenzuela2023,49,,^ m i $,default,,,**mi
Tac-16_you-1,,Tac,16_you,mi-ke,mi,m i,,Valenzuela2023,49,,^ m i $,default,,,**mi
ReyMar-16_you-1,,ReyMar,16_you,mibe/mive,mibe,m i b e,,Valenzuela2023,49,,^ m i b e $,default,,,**mi
Aro-16_you-1,,Aro,16_you,mitya,mitya,m i t j a,,Valenzuela2023,49,,^ m i t y a $,default,,,**mi
Cav-16_you-1,,Cav,16_you,mi-kwana,mi,m i,,Valenzuela2023,49,,^ m i $,default,,,**mi
Ese-16_you-1,,Ese,16_you,mi-a,mi,m i,,Valenzuela2023,49,,^ m i $,default,,,**mi
Ara-16_you-1,,Ara,16_you,mikia,mikia,m i k i a,,Valenzuela2023,49,,^ m i k i a $,default,,,**mi
ProTa-17_come-1,,ProTa,17_come,be-,be,b e,'bring',Valenzuela2023,11,,^ b e $,default,,,**bɨ-
ProTa-18_i-1,,ProTa,18_i,e,e,e,,Valenzuela2023,29,,^ e $,default,,,**Ɂɨ
Tac-18_i-1,,Tac,18_i,e-ma,e,e,,Valenzuela2023,29,,^ e $,default,,,**Ɂɨ
ReyMar-18_i-1,,ReyMar,18_i,e-me/éme,e,e,,Valenzuela2023,29,,^ e $,default,,,**Ɂɨ
Aro-18_i-1,,Aro,18_i,"ema,yama",ema,e m a,,Valenzuela2023,29,,^ e m a $,default,,,**Ɂɨ
Cav-18_i-1,,Cav,18_i,e-ra,e,e,,Valenzuela2023,29,,^ e $,default,,,**Ɂɨ
Ese-18_i-1,,Ese,18_i,"ea,eyaya",ea,e a,,Valenzuela2023,29,,^ e a $,default,,,**Ɂɨ
ProTa-19_flesh-1,,ProTa,19_flesh,ɾami,ɾami,ɾ a m i,,Valenzuela2023,24,,^ ɾ a m i $,default,,,**Nami
Tac-19_flesh-1,,Tac,19_flesh,yami,yami,j a m i,,Valenzuela2023,24,,^ y a m i $,default,,,**Nami
ReyMar-19_flesh-1,,ReyMar,19_flesh,yami/eami,yami,j a m i,,Valenzuela2023,24,,^ y a m i $,default,,,**Nami
Aro-19_flesh-1,,Aro,19_flesh,yami,yami,j a m i,,Valenzuela2023,24,,^ y a m i $,default,,,**Nami
Cav-19_flesh-1,,Cav,19_flesh,e-rami,e,e,,Valenzuela2023,24,,^ e $,default,,,**Nami
Ese-19_flesh-1,,Ese,19_flesh,eyami,eyami,e j a m i,,Valenzuela2023,24,,^ e y a m i $,default,,,**Nami
War-19_flesh-1,,War,19_flesh,eyami,eyami,e j a m i,,Valenzuela2023,24,,^ e y a m i $,default,,,**Nami
Ara-19_flesh-1,,Ara,19_flesh,éami,éami,é/e a m i,,Valenzuela2023,24,,^ é a m i $,default,,,**Nami
ProTa-20_fat-1,,ProTa,20_fat,ṭṣeri,ṭṣeri,ts e r i,,Valenzuela2023,21,,^ ṭṣ e r i $,default,,,**ʂɨNi
Tac-20_fat-1,,Tac,20_fat,e-cei,e,e,,Valenzuela2023,21,,^ e $,default,,,**ʂɨNi
Cav-20_fat-1,,Cav,20_fat,e-ceri,e,e,,Valenzuela2023,21,,^ e $,default,,,**ʂɨNi
Ese-20_fat-1,,Ese,20_fat,e-sei,e,e,,Valenzuela2023,21,,^ e $,default,,,**ʂɨNi
Ara-20_fat-1,,Ara,20_fat,ésey,ésey,é/e s e j,,Valenzuela2023,21,,^ é s e y $,default,,,**ʂɨNi
ProTa-21_fingernail-1,,ProTa,21_fingernail,metiji,metiji,m e t i j i,,Valenzuela2023,22,,^ m e t i j i $,default,,,**mɨ-tsizi
Tac-21_fingernail-1,,Tac,21_fingernail,e-me-haca,e,e,,Valenzuela2023,22,,^ e $,default,,,**mɨ-tsizi
ReyMar-21_fingernail-1,,ReyMar,21_fingernail,"-/emechuja,emetichi",emechuja,e m e tʃ u j a,"'fingers','nails'",Valenzuela2023,22,,^ e m e ch u j a $,default,,,**mɨ-tsizi
Cav-21_fingernail-1,,Cav,21_fingernail,e-me-šoro,e,e,'nail',Valenzuela2023,22,,^ e $,default,,,**mɨ-tsizi
Ese-21_fingernail-1,,Ese,21_fingernail,e-me-kiše,e,e,'nail',Valenzuela2023,22,,^ e $,default,,,**mɨ-tsizi
ProTa-22_footleg-1,,ProTa,22_footleg,ta-,ta,t a,'leg',Valenzuela2023,25,,^ t a $,default,,,**ta-
Tac-22_footleg-1,,Tac,22_footleg,e-ta-buce,e,e,'shin bone',Valenzuela2023,25,,^ e $,default,,,**ta-
Mab-22_footleg-1,,Mab,22_footleg,itha,itha,i tʰ a,,Valenzuela2023,25,,^ i th a $,default,,,**ta-
Cav-22_footleg-1,,Cav,22_footleg,awa-taka,awa,a w a,'tapir-foot (plant)',Valenzuela2023,25,,^ a w a $,default,,,**ta-
ProTa-23_lipedge-1,,ProTa,23_lipedge,kʷe(i)-,kʷe,kʷ e,,Valenzuela2023,33,,^ kʷ e $,default,,,**kʷɨ~kɨ-
Tac-23_lipedge-1,,Tac,23_lipedge,e-ke-ke,e,e,,Valenzuela2023,33,,^ e $,default,,,**kʷɨ~kɨ-
ReyMar-23_lipedge-1,,ReyMar,23_lipedge,kwesa/euesa,kwesa,kʷ e s a,'beard'/'beard',Valenzuela2023,33,,^ kw e s a $,default,,,**kʷɨ~kɨ-
Cav-23_lipedge-1,,Cav,23_lipedge,kwesa,kwesa,kʷ e s a,'beard',Valenzuela2023,33,,^ kw e s a $,default,,,**kʷɨ~kɨ-
Ese-23_lipedge-1,,Ese,23_lipedge,e-kwe-ša,e,e,'beard',Valenzuela2023,33,,^ e $,default,,,**kʷɨ~kɨ-
ProTa-24_cheek-1,,ProTa,24_cheek,tamu,tamu,t a m u,,Valenzuela2023,10,,^ t a m u $,default,,,**tamu
ReyMar-24_cheek-1,,ReyMar,24_cheek,ebu-tamu/-,ebu,e b u,,Valenzuela2023,10,,^ e b u $,default,,,**tamu
Cav-24_cheek-1,,Cav,24_cheek,-tamu,tamu,t a m u,,Valenzuela2023,10,,^ t a m u $,default,,,**tamu
Ese-24_cheek-1,,Ese,24_cheek,-shemo,shemo,ʃ e m o,,Valenzuela2023,10,,^ sh e m o $,default,,,**tamu
ProTa-25_mouth-1,,ProTa,25_mouth,kʷatʂa,kʷatʂa,kʷ a tʂ a,,Valenzuela2023,36,,^ kʷ a tʂ a $,default,,,**kʷeʂa
Tac-25_mouth-1,,Tac,25_mouth,e-kwaca,e,e,,Valenzuela2023,36,,^ e $,default,,,**kʷeʂa
ReyMar-25_mouth-1,,ReyMar,25_mouth,e-kwaca/ekuatra,e,e,,Valenzuela2023,36,,^ e $,default,,,**kʷeʂa
Sap-25_mouth-1,,Sap,25_mouth,ecuacha,ecuacha,e kʷ a tʃ a,,Valenzuela2023,36,,^ e cua ch a $,default,,,**kʷeʂa
Mab-25_mouth-1,,Mab,25_mouth,ikwatsa,ikwatsa,i kʷ a ts a,,Valenzuela2023,36,,^ i kw a ts a $,default,,,**kʷeʂa
Cav-25_mouth-1,,Cav,25_mouth,e-kwaca,e,e,,Valenzuela2023,36,,^ e $,default,,,**kʷeʂa
Ese-25_mouth-1,,Ese,25_mouth,e-kwasa,e,e,,Valenzuela2023,36,,^ e $,default,,,**kʷeʂa
War-25_mouth-1,,War,25_mouth,e-kwasa,e,e,,Valenzuela2023,36,,^ e $,default,,,**kʷeʂa
ProTa-26_elbow-1,,ProTa,26_elbow,-baṭṣu,baṭṣu,b a ts u,,Valenzuela2023,20,,^ b a ṭṣ u $,default,,,**baṣu
Tac-26_elbow-1,,Tac,26_elbow,e-ba-cu,e,e,,Valenzuela2023,20,,^ e $,default,,,**baṣu
ReyMar-26_elbow-1,,ReyMar,26_elbow,e-mba-co/-,e,e,,Valenzuela2023,20,,^ e $,default,,,**baṣu
Ese-26_elbow-1,,Ese,26_elbow,e-bašo,e,e,,Valenzuela2023,20,,^ e $,default,,,**baṣu
War-26_elbow-1,,War,26_elbow,e-bašo,e,e,,Valenzuela2023,20,,^ e $,default,,,**baṣu
Tia-26_elbow-1,,Tia,26_elbow,wacu,wacu,w a tʂ u,,Valenzuela2023,20,,^ w a c u $,default,,,**baṣu
Ara-26_elbow-1,,Ara,26_elbow,ebaša,ebaša,e b a ʃ a,,Valenzuela2023,20,,^ e b a š a $,default,,,**baṣu
ProPaTa-30_1stsgi-1,,ProPaTa,30_1stsgi,ʔɨ,ʔɨ,ʔ ɨ,,Valenzuela2023,1,,^ ʔ ɨ $,default,,,**ʔɨ
ProPa-30_1stsgi-1,,ProPa,30_1stsgi,ʔɨ,ʔɨ,ʔ ɨ,,Valenzuela2023,1,,^ ʔ ɨ $,default,,,**ʔɨ
Ksh-30_1stsgi-1,,Ksh,30_1stsgi,ʔɨ,ʔɨ,ʔ ɨ,,Valenzuela2023,1,,^ ʔ ɨ $,default,,,**ʔɨ
SK-30_1stsgi-1,,SK,30_1stsgi,ʔɨ,ʔɨ,ʔ ɨ,,Valenzuela2023,1,,^ ʔ ɨ $,default,,,**ʔɨ
Kap-30_1stsgi-1,,Kap,30_1stsgi,ʔɨ,ʔɨ,ʔ ɨ,,Valenzuela2023,1,,^ ʔ ɨ $,default,,,**ʔɨ
Chak-30_1stsgi-1,,Chak,30_1stsgi,ɨ,ɨ,ɨ,,Valenzuela2023,1,,^ ɨ $,default,,,**ʔɨ
Yam-30_1stsgi-1,,Yam,30_1stsgi,ɨ̃,ɨ̃,ɨ̃,,Valenzuela2023,1,,^ ɨ̃ $,default,,,**ʔɨ
ProPaTa-31_2ndsgyou-1,,ProPaTa,31_2ndsgyou,mi,mi,m i,,Valenzuela2023,2,,^ m i $,default,,,**mi
ProPa-31_2ndsgyou-1,,ProPa,31_2ndsgyou,mi,mi,m i,,Valenzuela2023,2,,^ m i $,default,,,**mi
Ksh-31_2ndsgyou-1,,Ksh,31_2ndsgyou,mii,mii,m i i,,Valenzuela2023,2,,^ m i i $,default,,,**mi
SK-31_2ndsgyou-1,,SK,31_2ndsgyou,mia,mia,m i a,,Valenzuela2023,2,,^ m i a $,default,,,**mi
Kap-31_2ndsgyou-1,,Kap,31_2ndsgyou,mia,mia,m i a,,Valenzuela2023,2,,^ m i a $,default,,,**mi
Chak-31_2ndsgyou-1,,Chak,31_2ndsgyou,mia,mia,m i a,object form,Valenzuela2023,2,,^ m i a $,default,,,**mi
Yam-31_2ndsgyou-1,,Yam,31_2ndsgyou,mĩ,mĩ,m ĩ,,Valenzuela2023,2,,^ m ĩ $,default,,,**mi
ProPaTa-32_demonstrativedistal-1,,ProPaTa,32_demonstrativedistal,ʔu-,ʔu,ʔ u,,Valenzuela2023,13,,^ ʔ u $,default,,,**ʔu-
ProPa-32_demonstrativedistal-1,,ProPa,32_demonstrativedistal,ʔo-,ʔo,ʔ o,,Valenzuela2023,13,,^ ʔ o $,default,,,**ʔu-
Ksh-32_demonstrativedistal-1,,Ksh,32_demonstrativedistal,"un (A),ux (S),u (O)",un_,u n,,Valenzuela2023,13,,^ u n _$,default,,,**ʔu-
SK-32_demonstrativedistal-1,,SK,32_demonstrativedistal,oa,oa,o a,,Valenzuela2023,13,,^ o a $,default,,,**ʔu-
Chak-32_demonstrativedistal-1,,Chak,32_demonstrativedistal,oa,oa,o a,,Valenzuela2023,13,,^ o a $,default,,,**ʔu-
Yam-32_demonstrativedistal-1,,Yam,32_demonstrativedistal,oa,oa,o a,,Valenzuela2023,13,,^ o a $,default,,,**ʔu-
ProPaTa-33_demonstrativeproximate-1,,ProPaTa,33_demonstrativeproximate,Nɨ-,Nɨ,N/n ɨ,,Valenzuela2023,14,,^ N ɨ $,default,,,**Nɨ-
ProPa-33_demonstrativeproximate-1,,ProPa,33_demonstrativeproximate,nɨ-,nɨ,n ɨ,,Valenzuela2023,14,,^ n ɨ $,default,,,**Nɨ-
Ksh-33_demonstrativeproximate-1,,Ksh,33_demonstrativeproximate,"ɨnɨn (A),ɨnɨx (S),ɨnɨ (O)",ɨnɨn_,ɨ n ɨ n,,Valenzuela2023,14,,^ ɨ n ɨ n _$,default,,,**Nɨ-
SK-33_demonstrativeproximate-1,,SK,33_demonstrativeproximate,nɨ-~nato,nɨ,n ɨ,,Valenzuela2023,14,,^ n ɨ $,default,,,**Nɨ-
Chak-33_demonstrativeproximate-1,,Chak,33_demonstrativeproximate,"noa,toa",noa,n o a,,Valenzuela2023,14,,^ n o a $,default,,,**Nɨ-
Yam-33_demonstrativeproximate-1,,Yam,33_demonstrativeproximate,na,na,n a,,Valenzuela2023,14,,^ n a $,default,,,**Nɨ-
ProPaTa-34_genitive-1,,ProPaTa,34_genitive,-gʷi-n,gʷi,gʷ i,,Valenzuela2023,26,,^ gʷ i $,default,,,**-gʷi-n
ProPa-34_genitive-1,,ProPa,34_genitive,-wɨ̃,wɨ̃,w ɨ̃,,Valenzuela2023,26,,^ w ɨ̃ $,default,,,**-gʷi-n
Ksh-34_genitive-1,,Ksh,34_genitive,=(a)n,=n,n,,Valenzuela2023,26,,^= n $,default,,,**-gʷi-n
SK-34_genitive-1,,SK,34_genitive,-n,n,n,,Valenzuela2023,26,,^ n $,default,,,**-gʷi-n
Yam-34_genitive-1,,Yam,34_genitive,"-na,-fɨna",na,n a,,Valenzuela2023,26,,^ n a $,default,,,**-gʷi-n
ProPaTa-35_imperative-1,,ProPaTa,35_imperative,-gʷɨ,gʷɨ,gʷ ɨ,,Valenzuela2023,30,,^ gʷ ɨ $,default,,,**-gʷɨ
ProPa-35_imperative-1,,ProPa,35_imperative,-wɨ,wɨ,w ɨ,,Valenzuela2023,30,,^ w ɨ $,default,,,**-gʷɨ
Ksh-35_imperative-1,,Ksh,35_imperative,-ɨ,ɨ,ɨ,,Valenzuela2023,30,,^ ɨ $,default,,,**-gʷɨ
SK-35_imperative-1,,SK,35_imperative,-wɨ,wɨ,w ɨ,,Valenzuela2023,30,,^ w ɨ $,default,,,**-gʷɨ
Kap-35_imperative-1,,Kap,35_imperative,-wɨ,wɨ,w ɨ,,Valenzuela2023,30,,^ w ɨ $,default,,,**-gʷɨ
Mar-35_imperative-1,,Mar,35_imperative,-wɨ,wɨ,w ɨ,,Valenzuela2023,30,,^ w ɨ $,default,,,**-gʷɨ
Chak-35_imperative-1,,Chak,35_imperative,-wɨ,wɨ,w ɨ,,Valenzuela2023,30,,^ w ɨ $,default,,,**-gʷɨ
Kax-35_imperative-1,,Kax,35_imperative,-wɨ,wɨ,w ɨ,,Valenzuela2023,30,,^ w ɨ $,default,,,**-gʷɨ
Yam-35_imperative-1,,Yam,35_imperative,-ɸɨ,ɸɨ,ɸ ɨ,,Valenzuela2023,30,,^ ɸ ɨ $,default,,,**-gʷɨ
Shar-35_imperative-1,,Shar,35_imperative,-wɨ,wɨ,w ɨ,,Valenzuela2023,30,,^ w ɨ $,default,,,**-gʷɨ
ProPaTa-36_goingdowndownward-1,,ProPaTa,36_goingdowndownward,-but[ɨ],butɨ,b u t ɨ,,Valenzuela2023,27,,^ b u t ɨ $,default,,,**-but[ɨ]
ProPa-36_goingdowndownward-1,,ProPa,36_goingdowndownward,-βut,βut,β u t,"For  pP  Girard  (1971:  163,  26)  proposes  *-bu  ‘down’,  while  we  consider  *-but  more  accurate  based  on Matses/Mayoruna -budand Kakataibo -but.",Valenzuela2023,27,,^ β u t $,default,,,**-but[ɨ]
Ksh-36_goingdowndownward-1,,Ksh,36_goingdowndownward,-but,but,b u t,,Valenzuela2023,27,,^ b u t $,default,,,**-but[ɨ]
ProPaTa-37_docoming-1,,ProPaTa,37_docoming,-bɨ,bɨ,b ɨ,,Valenzuela2023,18,,^ b ɨ $,default,,,**-bɨ
ProPa-37_docoming-1,,ProPa,37_docoming,-βɨ[...],βɨ,β ɨ,Guillaume 2017:254,Valenzuela2023,18,,^ β ɨ $,default,,,**-bɨ
Ksh-37_docoming-1,,Ksh,37_docoming,-bɨtsin,bɨtsin,b ɨ ts i n,,Valenzuela2023,18,,^ b ɨ ts i n $,default,,,**-bɨ
SK-37_docoming-1,,SK,37_docoming,-bɨiran,bɨiran,b ɨ i r a n,,Valenzuela2023,18,,^ b ɨ i r a n $,default,,,**-bɨ
Chak-37_docoming-1,,Chak,37_docoming,-bɨna,bɨna,b ɨ n a,,Valenzuela2023,18,,^ b ɨ n a $,default,,,**-bɨ
Yam-37_docoming-1,,Yam,37_docoming,-ɸɨran,ɸɨran,ɸ ɨ r a n,,Valenzuela2023,18,,^ ɸ ɨ r a n $,default,,,**-bɨ
ProPaTa-38_desiderative-1,,ProPaTa,38_desiderative,-katsa,katsa,k a ts a,,Valenzuela2023,15,,^ k a ts a $,default,,,**-katsa
ProPa-38_desiderative-1,,ProPa,38_desiderative,-katsa,katsa,k a ts a,,Valenzuela2023,15,,^ k a ts a $,default,,,**-katsa
Ksh-38_desiderative-1,,Ksh,38_desiderative,"-kas,-katsi",kas,k a s,,Valenzuela2023,15,,^ k a s $,default,,,**-katsa
SK-38_desiderative-1,,SK,38_desiderative,-kas,kas,k a s,,Valenzuela2023,15,,^ k a s $,default,,,**-katsa
Kap-38_desiderative-1,,Kap,38_desiderative,"-katsiʔ-,-katsiʔki-",katsiʔ,k a ts i ʔ,,Valenzuela2023,15,,^ k a ts i ʔ $,default,,,**-katsa
Mar-38_desiderative-1,,Mar,38_desiderative,-katsi,katsi,k a ts i,,Valenzuela2023,15,,^ k a ts i $,default,,,**-katsa
Chak-38_desiderative-1,,Chak,38_desiderative,-kas-,kas,k a s,,Valenzuela2023,15,,^ k a s $,default,,,**-katsa
Kax-38_desiderative-1,,Kax,38_desiderative,-katsa,katsa,k a ts a,,Valenzuela2023,15,,^ k a ts a $,default,,,**-katsa
Yam-38_desiderative-1,,Yam,38_desiderative,"kasma,kaspa,katsa",kasma,k a s m a,"'not to want','desiderative negative','to have'",Valenzuela2023,15,,^ k a s m a $,default,,,**-katsa
Shar-38_desiderative-1,,Shar,38_desiderative,-kas-mai,kas,k a s,'not to want',Valenzuela2023,15,,^ k a s $,default,,,**-katsa
ProPaTa-39_negative-1,,ProPaTa,39_negative,-(...a)ma,ma,m a,,Valenzuela2023,37,,^ m a $,default,,,(...a)ma
ProPa-39_negative-1,,ProPa,39_negative,-[ya]ma,yama,j a m a,verbal,Valenzuela2023,37,,^ y a m a $,default,,,**-(...a)ma
Ksh-39_negative-1,,Ksh,39_negative,-ma,ma,m a,,Valenzuela2023,37,,^ m a $,default,,,**-(...a)ma
SK-39_negative-1,,SK,39_negative,-yama,yama,j a m a,,Valenzuela2023,37,,^ y a m a $,default,,,**-(...a)ma
Kap-39_negative-1,,Kap,39_negative,yama,yama,j a m a,,Valenzuela2023,37,,^ y a m a $,default,,,**-(...a)ma
Mar-39_negative-1,,Mar,39_negative,"-ma,-ama",ma,m a,,Valenzuela2023,37,,^ m a $,default,,,**-(...a)ma
Chak-39_negative-1,,Chak,39_negative,-yama,yama,j a m a,,Valenzuela2023,37,,^ y a m a $,default,,,**-(...a)ma
Kax-39_negative-1,,Kax,39_negative,"-ma,maʔa",ma,m a,,Valenzuela2023,37,,^ m a $,default,,,**-(...a)ma
Yam-39_negative-1,,Yam,39_negative,"maa,ma,yama",maa,m a a,"'not','negative','negative prohibitive'",Valenzuela2023,37,,^ m a a $,default,,,**-(...a)ma
Shar-39_negative-1,,Shar,39_negative,"-ma,-yama",ma,m a,"'no','imperative,negative,prohibitive'",Valenzuela2023,37,,^ m a $,default,,,**-(...a)ma
ProPaTa-40_causative-1,,ProPaTa,40_causative,-m[a/e],ma,m a,,Valenzuela2023,7,,^ m a $,default,,,**-m[a/e]
ProPa-40_causative-1,,ProPa,40_causative,-m[a],ma,m a,,Valenzuela2023,7,,^ m a $,default,,,**-m[a/e]
Ksh-40_causative-1,,Ksh,40_causative,-mi-,mi,m i,,Valenzuela2023,7,,^ m i $,default,,,**-m[a/e]
SK-40_causative-1,,SK,40_causative,-ma-,ma,m a,,Valenzuela2023,7,,^ m a $,default,,,**-m[a/e]
Kap-40_causative-1,,Kap,40_causative,-ma-,ma,m a,,Valenzuela2023,7,,^ m a $,default,,,**-m[a/e]
Mar-40_causative-1,,Mar,40_causative,-ma,ma,m a,,Valenzuela2023,7,,^ m a $,default,,,**-m[a/e]
Chak-40_causative-1,,Chak,40_causative,-ma,ma,m a,,Valenzuela2023,7,,^ m a $,default,,,**-m[a/e]
Yam-40_causative-1,,Yam,40_causative,-ma,ma,m a,,Valenzuela2023,7,,^ m a $,default,,,**-m[a/e]
Shar-40_causative-1,,Shar,40_causative,-ma-,ma,m a,,Valenzuela2023,7,,^ m a $,default,,,**-m[a/e]
ProPaTa-41_augmentative-1,,ProPaTa,41_augmentative,-pa,pa,p a,,Valenzuela2023,3,,^ p a $,default,,,**-pa
ProPa-41_augmentative-1,,ProPa,41_augmentative,pa,pa,p a,,Valenzuela2023,3,,^ p a $,default,,,**-pa
SK-41_augmentative-1,,SK,41_augmentative,-n ewá,n_ewá,n + e w á/a,,Valenzuela2023,3,,^ n _ e w á $,default,,,**-pa
Kap-41_augmentative-1,,Kap,41_augmentative,-ahhuan,ahhuan,a h h u a n,,Valenzuela2023,3,,^ a h h u a n $,default,,,**-pa
Chak-41_augmentative-1,,Chak,41_augmentative,-wa,wa,w a,,Valenzuela2023,3,,^ w a $,default,,,**-pa
Yam-41_augmentative-1,,Yam,41_augmentative,-nfã,nfã,n f ã,,Valenzuela2023,3,,^ n f ã $,default,,,**-pa
ProPaTa-42_dotrauxiliarytr-1,,ProPaTa,42_dotrauxiliarytr,ʔak-,ʔak,ʔ a k,,Valenzuela2023,17,,^ ʔ a k $,default,,,**ʔak-
ProPa-42_dotrauxiliarytr-1,,ProPa,42_dotrauxiliarytr,ʔak-,ʔak,ʔ a k,,Valenzuela2023,17,,^ ʔ a k $,default,,,**ʔak-
Ksh-42_dotrauxiliarytr-1,,Ksh,42_dotrauxiliarytr,ʔa-,ʔa,ʔ a,,Valenzuela2023,17,,^ ʔ a $,default,,,**ʔak-
SK-42_dotrauxiliarytr-1,,SK,42_dotrauxiliarytr,ʔa-,ʔa,ʔ a,,Valenzuela2023,17,,^ ʔ a $,default,,,**ʔak-
Kap-42_dotrauxiliarytr-1,,Kap,42_dotrauxiliarytr,ʔa-,ʔa,ʔ a,,Valenzuela2023,17,,^ ʔ a $,default,,,**ʔak-
Mar-42_dotrauxiliarytr-1,,Mar,42_dotrauxiliarytr,a,a,a,,Valenzuela2023,17,,^ a $,default,,,**ʔak-
Chak-42_dotrauxiliarytr-1,,Chak,42_dotrauxiliarytr,ʔa-,ʔa,ʔ a,,Valenzuela2023,17,,^ ʔ a $,default,,,**ʔak-
Kax-42_dotrauxiliarytr-1,,Kax,42_dotrauxiliarytr,a-,a,a,,Valenzuela2023,17,,^ a $,default,,,**ʔak-
Yam-42_dotrauxiliarytr-1,,Yam,42_dotrauxiliarytr,ak-,ak,a k,,Valenzuela2023,17,,^ a k $,default,,,**ʔak-
Chan-42_dotrauxiliarytr-1,,Chan,42_dotrauxiliarytr,a-,a,a,,Valenzuela2023,17,,^ a $,default,,,**ʔak-
Shar-42_dotrauxiliarytr-1,,Shar,42_dotrauxiliarytr,a-,a,a,,Valenzuela2023,17,,^ a $,default,,,**ʔak-
ProPaTa-43_transitivizer-1,,ProPaTa,43_transitivizer,-[w]a,wa,w a,,Valenzuela2023,43,,^ w a $,default,,,**-[w]a
ProPa-43_transitivizer-1,,ProPa,43_transitivizer,-wa,wa,w a,,Valenzuela2023,43,,^ w a $,default,,,**-[w]a
Ksh-43_transitivizer-1,,Ksh,43_transitivizer,-ɔ,ɔ,ɔ,,Valenzuela2023,43,,^ ɔ $,default,,,**-[w]a
Chak-43_transitivizer-1,,Chak,43_transitivizer,-wa,wa,w a,,Valenzuela2023,43,,^ w a $,default,,,**-[w]a
ProPaTa-44_detransitivizerreflexive-1,,ProPaTa,44_detransitivizerreflexive,-t[i],ti,t i,,Valenzuela2023,16,,^ t i $,default,,,**-t[i]
ProPa-44_detransitivizerreflexive-1,,ProPa,44_detransitivizerreflexive,-t,t,t,,Valenzuela2023,16,,^ t $,default,,,**-t[i]
Ksh-44_detransitivizerreflexive-1,,Ksh,44_detransitivizerreflexive,-t,t,t,,Valenzuela2023,16,,^ t $,default,,,**-t[i]
SK-44_detransitivizerreflexive-1,,SK,44_detransitivizerreflexive,-t,t,t,,Valenzuela2023,16,,^ t $,default,,,**-t[i]
ProPaTa-45_ergative-1,,ProPaTa,45_ergative,-N[a],Na,N/n a,,Valenzuela2023,19,,^ N a $,default,,,**-N[a]
ProPa-45_ergative-1,,ProPa,45_ergative,-n,n,n,,Valenzuela2023,19,,^ n $,default,,,**-N[a]
Ksh-45_ergative-1,,Ksh,45_ergative,=(a)n,=n,n,,Valenzuela2023,19,,^= n $,default,,,**-N[a]
SK-45_ergative-1,,SK,45_ergative,=n,=n,n,,Valenzuela2023,19,,^= n $,default,,,**-N[a]
Kap-45_ergative-1,,Kap,45_ergative,-n,n,n,,Valenzuela2023,19,,^ n $,default,,,**-N[a]
ProPaTa-46_previouseventsamesubject-1,,ProPaTa,46_previouseventsamesubject,-ṣu,ṣu,s u,,Valenzuela2023,40,,^ ṣ u $,default,,,**-ṣu
ProPa-46_previouseventsamesubject-1,,ProPa,46_previouseventsamesubject,-ʂo-n,ʂo,ʂ o,,Valenzuela2023,40,,^ ʂ o $,default,,,**-ṣu
Ksh-46_previouseventsamesubject-1,,Ksh,46_previouseventsamesubject,-ʂun,ʂun,ʂ u n,,Valenzuela2023,40,,^ ʂ u n $,default,,,**-ṣu
SK-46_previouseventsamesubject-1,,SK,46_previouseventsamesubject,-ʂon,ʂon,ʂ o n,,Valenzuela2023,40,,^ ʂ o n $,default,,,**-ṣu
Chak-46_previouseventsamesubject-1,,Chak,46_previouseventsamesubject,-ʂo,ʂo,ʂ o,,Valenzuela2023,40,,^ ʂ o $,default,,,**-ṣu
Kax-46_previouseventsamesubject-1,,Kax,46_previouseventsamesubject,-ʂu,ʂu,ʂ u,,Valenzuela2023,40,,^ ʂ u $,default,,,**-ṣu
ProPaTa-47_comitativealongwith-1,,ProPaTa,47_comitativealongwith,bɨta,bɨta,b ɨ t a,,Valenzuela2023,8,,^ b ɨ t a $,default,,,**bɨta
ProPa-47_comitativealongwith-1,,ProPa,47_comitativealongwith,βɨta,βɨta,β ɨ t a,,Valenzuela2023,8,,^ β ɨ t a $,default,,,**bɨta
Ksh-47_comitativealongwith-1,,Ksh,47_comitativealongwith,-bɨ~-bɨtan,bɨ,b ɨ,,Valenzuela2023,8,,^ b ɨ $,default,,,**bɨta
SK-47_comitativealongwith-1,,SK,47_comitativealongwith,-bɨ,bɨ,b ɨ,,Valenzuela2023,8,,^ b ɨ $,default,,,**bɨta
Chak-47_comitativealongwith-1,,Chak,47_comitativealongwith,-bɨta,bɨta,b ɨ t a,,Valenzuela2023,8,,^ b ɨ t a $,default,,,**bɨta
Yam-47_comitativealongwith-1,,Yam,47_comitativealongwith,-fɨtã,fɨtã,f ɨ t ã,,Valenzuela2023,8,,^ f ɨ t ã $,default,,,**bɨta
Ama-30_1stsgi-1,,Ama,30_1stsgi,ɨ,ɨ,ɨ,,Valenzuela2023,1,,^ ɨ $,default,,,**ʔɨ
HanKax-30_1stsgi-1,,HanKax,30_1stsgi,ɨ,ɨ,ɨ,,Valenzuela2023,1,,^ ɨ $,default,,,**ʔɨ
Maw-30_1stsgi-1,,Maw,30_1stsgi,ɨ,ɨ,ɨ,,Valenzuela2023,1,,^ ɨ $,default,,,**ʔɨ
Ama-31_2ndsgyou-1,,Ama,31_2ndsgyou,miya,miya,m i j a,,Valenzuela2023,2,,^ m i y a $,default,,,**mi
HanKax-31_2ndsgyou-1,,HanKax,31_2ndsgyou,mia,mia,m i a,,Valenzuela2023,2,,^ m i a $,default,,,**mi
Maw-31_2ndsgyou-1,,Maw,31_2ndsgyou,mia,mia,m i a,,Valenzuela2023,2,,^ m i a $,default,,,**mi
Kor-31_2ndsgyou-1,,Kor,31_2ndsgyou,mi,mi,m i,,Valenzuela2023,2,,^ m i $,default,,,**mi
Mat-31_2ndsgyou-1,,Mat,31_2ndsgyou,"mi (minbi,mibi,min)",mi_,m i,,Valenzuela2023,2,,^ m i _$,default,,,**mi
MatMay-31_2ndsgyou-1,,MatMay,31_2ndsgyou,"mi (minbi,mibi,min)",mi_,m i,,Valenzuela2023,2,,^ m i _$,default,,,**mi
MatMay-32_demonstrativedistal-1,,MatMay,32_demonstrativedistal,uid,uid,u i d,,Valenzuela2023,13,,^ u i d $,default,,,**ʔu-
MatMay-33_demonstrativeproximate-1,,MatMay,33_demonstrativeproximate,nɨid,nɨid,n ɨ i d,,Valenzuela2023,14,,^ n ɨ i d $,default,,,**Nɨ-
Shan-35_imperative-1,,Shan,35_imperative,-wɨ,wɨ,w ɨ,,Valenzuela2023,30,,^ w ɨ $,default,,,**-gʷɨ
Kat-35_imperative-1,,Kat,35_imperative,wɨ,wɨ,w ɨ,,Valenzuela2023,30,,^ w ɨ $,default,,,**-gʷɨ
HanKax-35_imperative-1,,HanKax,35_imperative,-wɨ,wɨ,w ɨ,,Valenzuela2023,30,,^ w ɨ $,default,,,**-gʷɨ
Maw-35_imperative-1,,Maw,35_imperative,-wɨ,wɨ,w ɨ,,Valenzuela2023,30,,^ w ɨ $,default,,,**-gʷɨ
Yaw-35_imperative-1,,Yaw,35_imperative,-wɨ,wɨ,w ɨ,,Valenzuela2023,30,,^ w ɨ $,default,,,**-gʷɨ
MatMay-36_goingdowndownward-1,,MatMay,36_goingdowndownward,-bud,bud,b u d,,Valenzuela2023,27,,^ b u d $,default,,,**-but[ɨ]
Ama-37_docoming-1,,Ama,37_docoming,-vɨran,vɨran,v ɨ r a n,,Valenzuela2023,18,,^ v ɨ r a n $,default,,,**-bɨ
MatMay-37_docoming-1,,MatMay,37_docoming,-bɨtsen,bɨtsen,b ɨ ts e n,,Valenzuela2023,18,,^ b ɨ ts e n $,default,,,**-bɨ
Ama-38_desiderative-1,,Ama,38_desiderative,-katsi,katsi,k a ts i,,Valenzuela2023,15,,^ k a ts i $,default,,,**-katsa
MatMay-38_desiderative-1,,MatMay,38_desiderative,"-kas-,katsi",kas,k a s,,Valenzuela2023,15,,^ k a s $,default,,,**-katsa
Shan-39_negative-1,,Shan,39_negative,"-ma,-yama,",ma,m a,"'negación general','negación de imperativo",Valenzuela2023,37,,^ m a $,default,,,**-(...a)ma
Kat-39_negative-1,,Kat,39_negative,"yama,ma",yama,j a m a,"'no tener,negativo','no'",Valenzuela2023,37,,^ y a m a $,default,,,**-(...a)ma
Poy-39_negative-1,,Poy,39_negative,ba,ba,b a,'asertivo negativo',Valenzuela2023,37,,^ b a $,default,,,**-(...a)ma
Ama-39_negative-1,,Ama,39_negative,-yama,yama,j a m a,,Valenzuela2023,37,,^ y a m a $,default,,,**-(...a)ma
HanKax-39_negative-1,,HanKax,39_negative,"-ma,-yama",ma,m a,,Valenzuela2023,37,,^ m a $,default,,,**-(...a)ma
Maw-39_negative-1,,Maw,39_negative,-ma,ma,m a,,Valenzuela2023,37,,^ m a $,default,,,**-(...a)ma
Yaw-39_negative-1,,Yaw,39_negative,-ma,ma,m a,'negación',Valenzuela2023,37,,^ m a $,default,,,**-(...a)ma
Kor-39_negative-1,,Kor,39_negative,-ma,ma,m a,'negación pasado',Valenzuela2023,37,,^ m a $,default,,,**-(...a)ma
Mat-39_negative-1,,Mat,39_negative,-ama,ama,a m a,'negación pasado',Valenzuela2023,37,,^ a m a $,default,,,**-(...a)ma
Shan-40_causative-1,,Shan,40_causative,-ma,ma,m a,,Valenzuela2023,7,,^ m a $,default,,,**-m[a/e]
Ama-40_causative-1,,Ama,40_causative,-ma-,ma,m a,,Valenzuela2023,7,,^ m a $,default,,,**-m[a/e]
HanKax-40_causative-1,,HanKax,40_causative,-ma-,ma,m a,,Valenzuela2023,7,,^ m a $,default,,,**-m[a/e]
Maw-40_causative-1,,Maw,40_causative,-ma,ma,m a,,Valenzuela2023,7,,^ m a $,default,,,**-m[a/e]
Yaw-40_causative-1,,Yaw,40_causative,-ma-,ma,m a,,Valenzuela2023,7,,^ m a $,default,,,**-m[a/e]
Kor-40_causative-1,,Kor,40_causative,-me,me,m e,,Valenzuela2023,7,,^ m e $,default,,,**-m[a/e]
Mat-40_causative-1,,Mat,40_causative,-me,me,m e,,Valenzuela2023,7,,^ m e $,default,,,**-m[a/e]
MatMay-40_causative-1,,MatMay,40_causative,-me,me,m e,,Valenzuela2023,7,,^ m e $,default,,,**-m[a/e]
MatMay-41_augmentative-1,,MatMay,41_augmentative,-pa,pa,p a,,Valenzuela2023,3,,^ p a $,default,,,**-pa
Ama-42_dotrauxiliarytr-1,,Ama,42_dotrauxiliarytr,ʔa-,ʔa,ʔ a,,Valenzuela2023,17,,^ ʔ a $,default,,,**ʔak-
HanKax-42_dotrauxiliarytr-1,,HanKax,42_dotrauxiliarytr,a-,a,a,,Valenzuela2023,17,,^ a $,default,,,**ʔak-
Maw-42_dotrauxiliarytr-1,,Maw,42_dotrauxiliarytr,a-,a,a,,Valenzuela2023,17,,^ a $,default,,,**ʔak-
Kor-42_dotrauxiliarytr-1,,Kor,42_dotrauxiliarytr,ak-,ak,a k,,Valenzuela2023,17,,^ a k $,default,,,**ʔak-
Mat-42_dotrauxiliarytr-1,,Mat,42_dotrauxiliarytr,ak-,ak,a k,,Valenzuela2023,17,,^ a k $,default,,,**ʔak-
MatMay-42_dotrauxiliarytr-1,,MatMay,42_dotrauxiliarytr,ak-,ak,a k,,Valenzuela2023,17,,^ a k $,default,,,**ʔak-
HanKax-43_transitivizer-1,,HanKax,43_transitivizer,"wa-,-wa",wa,w a,,Valenzuela2023,43,,^ w a $,default,,,**-[w]a
MatMay-45_ergative-1,,MatMay,45_ergative,-n,n,n,,Valenzuela2023,19,,^ n $,default,,,**-N[a]
Ama-46_previouseventsamesubject-1,,Ama,46_previouseventsamesubject,=çon,=çon,ts o n,,Valenzuela2023,40,,^= ç o n $,default,,,**-ṣu
HanKax-46_previouseventsamesubject-1,,HanKax,46_previouseventsamesubject,=ʂun,=ʂun,ʂ u n,,Valenzuela2023,40,,^= ʂ u n $,default,,,**-ṣu
Mat-46_previouseventsamesubject-1,,Mat,46_previouseventsamesubject,=ʂun,=ʂun,ʂ u n,,Valenzuela2023,40,,^= ʂ u n $,default,,,**-ṣu
MatMay-46_previouseventsamesubject-1,,MatMay,46_previouseventsamesubject,=ʂun,=ʂun,ʂ u n,,Valenzuela2023,40,,^= ʂ u n $,default,,,**-ṣu
Ama-47_comitativealongwith-1,,Ama,47_comitativealongwith,"-wɨ,-wɨtã",wɨ,w ɨ,,Valenzuela2023,8,,^ w ɨ $,default,,,**bɨta
HanKax-47_comitativealongwith-1,,HanKax,47_comitativealongwith,"-bɨ,-bɨtã",bɨ,b ɨ,,Valenzuela2023,8,,^ b ɨ $,default,,,**bɨta
Maw-47_comitativealongwith-1,,Maw,47_comitativealongwith,"-fɨta,fɨtã",fɨta,f ɨ t a,,Valenzuela2023,8,,^ f ɨ t a $,default,,,**bɨta
MatMay-47_comitativealongwith-1,,MatMay,47_comitativealongwith,"-bid (S),-bɨta (O),-bɨtan (A)",bid_,b i d,,Valenzuela2023,8,,^ b i d _$,default,,,**bɨta
ProTa-30_1stsgi-1,,ProTa,30_1stsgi,e,e,e,,Valenzuela2023,1,,^ e $,default,,,**Ɂɨ
Tac-30_1stsgi-1,,Tac,30_1stsgi,e-ma,e,e,,Valenzuela2023,1,,^ e $,default,,,**Ɂɨ
ReyMar-30_1stsgi-1,,ReyMar,30_1stsgi,e-me/éme,e,e,,Valenzuela2023,1,,^ e $,default,,,**Ɂɨ
Aro-30_1stsgi-1,,Aro,30_1stsgi,"ema,yama",ema,e m a,,Valenzuela2023,1,,^ e m a $,default,,,**Ɂɨ
Cav-30_1stsgi-1,,Cav,30_1stsgi,e-ra,e,e,,Valenzuela2023,1,,^ e $,default,,,**Ɂɨ
Ese-30_1stsgi-1,,Ese,30_1stsgi,"ea,eyaya",ea,e a,,Valenzuela2023,1,,^ e a $,default,,,**Ɂɨ
ProTa-31_2ndsgyou-1,,ProTa,31_2ndsgyou,mi,mi,m i,Girard additionally lists -mikia for Arasa.,Valenzuela2023,2,,^ m i $,default,,,**mi
Tac-31_2ndsgyou-1,,Tac,31_2ndsgyou,mi-ke,mi,m i,,Valenzuela2023,2,,^ m i $,default,,,**mi
ReyMar-31_2ndsgyou-1,,ReyMar,31_2ndsgyou,mibe/mive,mibe,m i b e,,Valenzuela2023,2,,^ m i b e $,default,,,**mi
Aro-31_2ndsgyou-1,,Aro,31_2ndsgyou,mitya,mitya,m i t j a,,Valenzuela2023,2,,^ m i t y a $,default,,,**mi
Cav-31_2ndsgyou-1,,Cav,31_2ndsgyou,mi-kwana,mi,m i,,Valenzuela2023,2,,^ m i $,default,,,**mi
Ese-31_2ndsgyou-1,,Ese,31_2ndsgyou,mi-a,mi,m i,,Valenzuela2023,2,,^ m i $,default,,,**mi
ProTa-49_demonstrativethishe-1,,ProTa,49_demonstrativethishe,u-,u,u,,Valenzuela2023,12,,^ u $,default,,,**ʔu-
Tac-49_demonstrativethishe-1,,Tac,49_demonstrativethishe,u-ha,u,u,,Valenzuela2023,12,,^ u $,default,,,**ʔu-
Cav-49_demonstrativethishe-1,,Cav,49_demonstrativethishe,o-ho,o,o,,Valenzuela2023,12,,^ o $,default,,,**ʔu-
Ese-49_demonstrativethishe-1,,Ese,49_demonstrativethishe,o-haya,o,o,,Valenzuela2023,12,,^ o $,default,,,**ʔu-
ProTa-33_demonstrativeproximate-1,,ProTa,33_demonstrativeproximate,ree-,ree,r e e,,Valenzuela2023,14,,^ r e e $,default,,,**Nɨ-
Tac-33_demonstrativeproximate-1,,Tac,33_demonstrativeproximate,ye,ye,j e,,Valenzuela2023,14,,^ y e $,default,,,**Nɨ-
Cav-33_demonstrativeproximate-1,,Cav,33_demonstrativeproximate,reeke,reeke,r e e k e,,Valenzuela2023,14,,^ r e e k e $,default,,,**Nɨ-
Ese-33_demonstrativeproximate-1,,Ese,33_demonstrativeproximate,hikio,hikio,h i k i o,,Valenzuela2023,14,,^ h i k i o $,default,,,**Nɨ-
ProTa-34_genitive-1,,ProTa,34_genitive,-kʷe,kʷe,kʷ e,Girard additionally lists -kwe for Warayo.,Valenzuela2023,26,,^ kʷ e $,default,,,**-gʷi-n
Tac-34_genitive-1,,Tac,34_genitive,-ke,ke,k e,,Valenzuela2023,26,,^ k e $,default,,,**-gʷi-n
ReyMar-34_genitive-1,,ReyMar,34_genitive,ki-/-,ki,k i,'possessive prefix',Valenzuela2023,26,,^ k i $,default,,,**-gʷi-n
Cav-34_genitive-1,,Cav,34_genitive,-kwe,kwe,kʷ e,,Valenzuela2023,26,,^ kw e $,default,,,**-gʷi-n
Ese-34_genitive-1,,Ese,34_genitive,-kwe,kwe,kʷ e,,Valenzuela2023,26,,^ kw e $,default,,,**-gʷi-n
ProTa-35_imperative-1,,ProTa,35_imperative,-kʷe,kʷe,kʷ e,Girard additionally lists -he for Warisa.,Valenzuela2023,30,,^ kʷ e $,default,,,**-gʷɨ
Tac-35_imperative-1,,Tac,35_imperative,-ke,ke,k e,,Valenzuela2023,30,,^ k e $,default,,,**-gʷɨ
Cav-35_imperative-1,,Cav,35_imperative,-kwe,kwe,kʷ e,,Valenzuela2023,30,,^ kw e $,default,,,**-gʷɨ
ProTa-36_goingdowndownward-1,,ProTa,36_goingdowndownward,"-bu,-bute",bu,b u,"For first form, Girard additionally lists -anibuteni for Warisa. For second form, see footnote 67.",Valenzuela2023,27,,^ b u $,default,,,**-but[ɨ]
Tac-36_goingdowndownward-1,,Tac,36_goingdowndownward,"e-bute-hi,-ute",e,e,,Valenzuela2023,27,,^ e $,default,,,**-but[ɨ]
ReyMar-36_goingdowndownward-1,,ReyMar,36_goingdowndownward,"-/animabotia,-bute/-",animabotia,a n i m a b o t i a,,Valenzuela2023,27,,^ a n i m a b o t i a $,default,,,**-but[ɨ]
Aro-36_goingdowndownward-1,,Aro,36_goingdowndownward,-bote,bote,b o t e,,Valenzuela2023,27,,^ b o t e $,default,,,**-but[ɨ]
Cav-36_goingdowndownward-1,,Cav,36_goingdowndownward,"e-bote,-bute/-butya",e,e,,Valenzuela2023,27,,^ e $,default,,,**-but[ɨ]
Ese-36_goingdowndownward-1,,Ese,36_goingdowndownward,'oke/-'okya,'oke,o k e,,Valenzuela2023,27,,^ ' o k e $,default,,,**-but[ɨ]
ProTa-37_docoming-1,,ProTa,37_docoming,-be,be,b e,Guillaume 2017:233,Valenzuela2023,18,,^ b e $,default,,,**-bɨ
Tac-37_docoming-1,,Tac,37_docoming,-be,be,b e,,Valenzuela2023,18,,^ b e $,default,,,**-bɨ
ReyMar-37_docoming-1,,ReyMar,37_docoming,-bebe/-,bebe,b e b e,,Valenzuela2023,18,,^ b e b e $,default,,,**-bɨ
Cav-37_docoming-1,,Cav,37_docoming,-be,be,b e,,Valenzuela2023,18,,^ b e $,default,,,**-bɨ
Ese-37_docoming-1,,Ese,37_docoming,-jebe,jebe,j e b e,,Valenzuela2023,18,,^ j e b e $,default,,,**-bɨ
ProTa-38_desiderative-1,,ProTa,38_desiderative,-katsa,katsa,k a ts a,,Valenzuela2023,15,,^ k a ts a $,default,,,**-katsa
Tac-38_desiderative-1,,Tac,38_desiderative,-tsa,tsa,ts a,,Valenzuela2023,15,,^ ts a $,default,,,**-katsa
Aro-38_desiderative-1,,Aro,38_desiderative,-hae,hae,h a e,,Valenzuela2023,15,,^ h a e $,default,,,**-katsa
Cav-38_desiderative-1,,Cav,38_desiderative,-kara,kara,k a r a,,Valenzuela2023,15,,^ k a r a $,default,,,**-katsa
Ese-38_desiderative-1,,Ese,38_desiderative,-sa,sa,s a,,Valenzuela2023,15,,^ s a $,default,,,**-katsa
ProTa-39_negative-1,,ProTa,39_negative,-(a)ma,ma,m a,verbal and nominal,Valenzuela2023,37,,^ m a $,default,,,**-(...a)ma
Tac-39_negative-1,,Tac,39_negative,-(a)ma,ma,m a,,Valenzuela2023,37,,^ m a $,default,,,**-(...a)ma
Cav-39_negative-1,,Cav,39_negative,-(a)ma,ma,m a,,Valenzuela2023,37,,^ m a $,default,,,**-(...a)ma
Ese-39_negative-1,,Ese,39_negative,-(a)ma,ma,m a,,Valenzuela2023,37,,^ m a $,default,,,**-(...a)ma
ProTa-40_causative-1,,ProTa,40_causative,-me[re],mere,m e r e,Girard reconstructs *-me[re] based on Tacana –meand Cavineña –mere. To this we can now add Ese’ Ejja -mee and Araona -me.,Valenzuela2023,7,,^ m e r e $,default,,,**-m[a/e]
Tac-40_causative-1,,Tac,40_causative,-me,me,m e,,Valenzuela2023,7,,^ m e $,default,,,**-m[a/e]
Aro-40_causative-1,,Aro,40_causative,-me,me,m e,,Valenzuela2023,7,,^ m e $,default,,,**-m[a/e]
Cav-40_causative-1,,Cav,40_causative,-mere,mere,m e r e,,Valenzuela2023,7,,^ m e r e $,default,,,**-m[a/e]
Ese-40_causative-1,,Ese,40_causative,-mee,mee,m e e,,Valenzuela2023,7,,^ m e e $,default,,,**-m[a/e]
ProTa-41_augmentative-1,,ProTa,41_augmentative,-pa,pa,p a,,Valenzuela2023,3,,^ p a $,default,,,**-pa
Tac-41_augmentative-1,,Tac,41_augmentative,-pa,pa,p a,,Valenzuela2023,3,,^ p a $,default,,,**-pa
Cav-41_augmentative-1,,Cav,41_augmentative,-pa,pa,p a,,Valenzuela2023,3,,^ p a $,default,,,**-pa
ProTa-42_dotrauxiliarytr-1,,ProTa,42_dotrauxiliarytr,a-,a,a,Girard additionally lists age for Warisa.,Valenzuela2023,17,,^ a $,default,,,**ʔak-
Tac-42_dotrauxiliarytr-1,,Tac,42_dotrauxiliarytr,a-,a,a,,Valenzuela2023,17,,^ a $,default,,,**ʔak-
Cav-42_dotrauxiliarytr-1,,Cav,42_dotrauxiliarytr,a-,a,a,,Valenzuela2023,17,,^ a $,default,,,**ʔak-
Ese-42_dotrauxiliarytr-1,,Ese,42_dotrauxiliarytr,a-ka-,a,a,,Valenzuela2023,17,,^ a $,default,,,**ʔak-
ProTa-43_transitivizer-1,,ProTa,43_transitivizer,-a,a,a,Girard additionally lists -a(-) for the Warayo.,Valenzuela2023,43,,^ a $,default,,,**-[w]a
Tac-43_transitivizer-1,,Tac,43_transitivizer,-a(-),a,a,,Valenzuela2023,43,,^ a $,default,,,**-[w]a
ReyMar-43_transitivizer-1,,ReyMar,43_transitivizer,-a(-)/-,a,a,,Valenzuela2023,43,,^ a $,default,,,**-[w]a
Cav-43_transitivizer-1,,Cav,43_transitivizer,-a(-),a,a,,Valenzuela2023,43,,^ a $,default,,,**-[w]a
Ese-43_transitivizer-1,,Ese,43_transitivizer,-a(-),a,a,,Valenzuela2023,43,,^ a $,default,,,**-[w]a
ProTa-44_detransitivizerreflexive-1,,ProTa,44_detransitivizerreflexive,-ti,ti,t i,,Valenzuela2023,16,,^ t i $,default,,,**-t[i]
Tac-44_detransitivizerreflexive-1,,Tac,44_detransitivizerreflexive,-ti,ti,t i,,Valenzuela2023,16,,^ t i $,default,,,**-t[i]
Cav-44_detransitivizerreflexive-1,,Cav,44_detransitivizerreflexive,-ti,ti,t i,,Valenzuela2023,16,,^ t i $,default,,,**-t[i]
Ese-44_detransitivizerreflexive-1,,Ese,44_detransitivizerreflexive,-ki,ki,k i,,Valenzuela2023,16,,^ k i $,default,,,**-t[i]
ProTa-45_ergative-1,,ProTa,45_ergative,-ra,ra,r a,Girard additionally lists -a for Warayo.,Valenzuela2023,19,,^ r a $,default,,,**-N[a]
Tac-45_ergative-1,,Tac,45_ergative,-a,a,a,,Valenzuela2023,19,,^ a $,default,,,**-N[a]
Cav-45_ergative-1,,Cav,45_ergative,-ra,ra,r a,,Valenzuela2023,19,,^ r a $,default,,,**-N[a]
Ese-45_ergative-1,,Ese,45_ergative,-(y)a,a,a,,Valenzuela2023,19,,^ a $,default,,,**-N[a]
ProTa-46_previouseventsamesubject-1,,ProTa,46_previouseventsamesubject,-ṭṣu,ṭṣu,ts u,,Valenzuela2023,40,,^ ṭṣ u $,default,,,**-ṣu
Tac-46_previouseventsamesubject-1,,Tac,46_previouseventsamesubject,-su,su,s u,,Valenzuela2023,40,,^ s u $,default,,,**-ṣu
Aro-46_previouseventsamesubject-1,,Aro,46_previouseventsamesubject,-tso,tso,ts o,,Valenzuela2023,40,,^ ts o $,default,,,**-ṣu
Cav-46_previouseventsamesubject-1,,Cav,46_previouseventsamesubject,-atsu~-tsu,atsu,a ts u,,Valenzuela2023,40,,^ a ts u $,default,,,**-ṣu
ProTa-48_comitativealongwithtwo-1,,ProTa,48_comitativealongwithtwo,beta,beta,b e t a,"Girard additionally lists beta, beabué and béka for Sapibokona, Warayo and Chama respectively.",Valenzuela2023,9,,^ b e t a $,default,,,**bɨta
Tac-48_comitativealongwithtwo-1,,Tac,48_comitativealongwithtwo,beta,beta,b e t a,,Valenzuela2023,9,,^ b e t a $,default,,,**bɨta
ReyMar-48_comitativealongwithtwo-1,,ReyMar,48_comitativealongwithtwo,mbeta/beta,mbeta,m b e t a,,Valenzuela2023,9,,^ m b e t a $,default,,,**bɨta
Aro-48_comitativealongwithtwo-1,,Aro,48_comitativealongwithtwo,beta,beta,b e t a,,Valenzuela2023,9,,^ b e t a $,default,,,**bɨta
Cav-48_comitativealongwithtwo-1,,Cav,48_comitativealongwithtwo,beta,beta,b e t a,,Valenzuela2023,9,,^ b e t a $,default,,,**bɨta
Ese-48_comitativealongwithtwo-1,,Ese,48_comitativealongwithtwo,beka,beka,b e k a,,Valenzuela2023,9,,^ b e k a $,default,,,**bɨta
